[{"model": "admin.logentry", "pk": 1, "fields": {"action_time": "2022-07-04T15:58:01.528Z", "user": 1, "content_type": 13, "object_id": "10", "object_repr": "", "action_flag": 3, "change_message": ""}}, {"model": "admin.logentry", "pk": 2, "fields": {"action_time": "2022-07-04T15:58:01.555Z", "user": 1, "content_type": 13, "object_id": "9", "object_repr": "", "action_flag": 3, "change_message": ""}}, {"model": "admin.logentry", "pk": 3, "fields": {"action_time": "2022-07-04T15:58:01.579Z", "user": 1, "content_type": 13, "object_id": "8", "object_repr": "", "action_flag": 3, "change_message": ""}}, {"model": "admin.logentry", "pk": 4, "fields": {"action_time": "2022-07-04T15:58:01.603Z", "user": 1, "content_type": 13, "object_id": "7", "object_repr": "", "action_flag": 3, "change_message": ""}}, {"model": "admin.logentry", "pk": 5, "fields": {"action_time": "2022-07-04T15:58:01.628Z", "user": 1, "content_type": 13, "object_id": "6", "object_repr": "", "action_flag": 3, "change_message": ""}}, {"model": "admin.logentry", "pk": 6, "fields": {"action_time": "2022-07-04T15:58:01.652Z", "user": 1, "content_type": 13, "object_id": "5", "object_repr": "", "action_flag": 3, "change_message": ""}}, {"model": "admin.logentry", "pk": 7, "fields": {"action_time": "2022-07-04T15:58:01.677Z", "user": 1, "content_type": 13, "object_id": "4", "object_repr": "", "action_flag": 3, "change_message": ""}}, {"model": "admin.logentry", "pk": 8, "fields": {"action_time": "2022-07-04T15:58:01.701Z", "user": 1, "content_type": 13, "object_id": "3", "object_repr": "", "action_flag": 3, "change_message": ""}}, {"model": "admin.logentry", "pk": 9, "fields": {"action_time": "2022-07-04T15:58:01.725Z", "user": 1, "content_type": 13, "object_id": "2", "object_repr": "", "action_flag": 3, "change_message": ""}}, {"model": "admin.logentry", "pk": 10, "fields": {"action_time": "2022-07-04T15:58:01.750Z", "user": 1, "content_type": 13, "object_id": "1", "object_repr": "", "action_flag": 3, "change_message": ""}}, {"model": "admin.logentry", "pk": 11, "fields": {"action_time": "2022-07-06T18:58:11.821Z", "user": 1, "content_type": 4, "object_id": "1", "object_repr": "admin", "action_flag": 2, "change_message": "[{\"changed\": {\"fields\": [\"First name\", \"Last name\"]}}]"}}, {"model": "admin.logentry", "pk": 12, "fields": {"action_time": "2022-07-06T20:01:00.012Z", "user": 1, "content_type": 15, "object_id": "1", "object_repr": "Test", "action_flag": 1, "change_message": "[{\"added\": {}}]"}}, {"model": "admin.logentry", "pk": 13, "fields": {"action_time": "2022-07-13T18:59:40.156Z", "user": 1, "content_type": 18, "object_id": "1", "object_repr": "ARDNAHOE MALTED BARLEY SMOKED SEA SALT (85G)", "action_flag": 1, "change_message": "[{\"added\": {}}]"}}, {"model": "admin.logentry", "pk": 14, "fields": {"action_time": "2022-07-13T19:00:21.341Z", "user": 1, "content_type": 18, "object_id": "2", "object_repr": "75G SEA SALT TUB", "action_flag": 1, "change_message": "[{\"added\": {}}]"}}, {"model": "admin.logentry", "pk": 15, "fields": {"action_time": "2022-07-13T19:00:45.147Z", "user": 1, "content_type": 18, "object_id": "3", "object_repr": "SCARABUS SMOKED WHISKY SEA SALT (85G)", "action_flag": 1, "change_message": "[{\"added\": {}}]"}}, {"model": "admin.logentry", "pk": 16, "fields": {"action_time": "2022-07-13T19:01:52.684Z", "user": 1, "content_type": 18, "object_id": "4", "object_repr": "ORIGINAL HIMALAYAN SALT JAR 85G", "action_flag": 1, "change_message": "[{\"added\": {}}]"}}, {"model": "admin.logentry", "pk": 17, "fields": {"action_time": "2022-07-13T19:15:50.907Z", "user": 1, "content_type": 18, "object_id": "4", "object_repr": "ORIGINAL HIMALAYAN SALT JAR 85G", "action_flag": 2, "change_message": "[{\"changed\": {\"fields\": [\"Image\"]}}]"}}, {"model": "admin.logentry", "pk": 18, "fields": {"action_time": "2022-07-13T19:16:34.621Z", "user": 1, "content_type": 18, "object_id": "2", "object_repr": "75G SEA SALT TUB", "action_flag": 2, "change_message": "[{\"changed\": {\"fields\": [\"Image\"]}}]"}}, {"model": "admin.logentry", "pk": 19, "fields": {"action_time": "2022-07-13T19:20:46.112Z", "user": 1, "content_type": 18, "object_id": "4", "object_repr": "ORIGINAL HIMALAYAN SALT JAR 85G", "action_flag": 2, "change_message": "[]"}}, {"model": "admin.logentry", "pk": 20, "fields": {"action_time": "2022-07-13T19:20:46.701Z", "user": 1, "content_type": 18, "object_id": "4", "object_repr": "ORIGINAL HIMALAYAN SALT JAR 85G", "action_flag": 2, "change_message": "[]"}}, {"model": "admin.logentry", "pk": 21, "fields": {"action_time": "2022-07-13T19:30:47.093Z", "user": 1, "content_type": 16, "object_id": "1", "object_repr": "Megan Nyhan", "action_flag": 1, "change_message": "[{\"added\": {}}]"}}, {"model": "admin.logentry", "pk": 22, "fields": {"action_time": "2022-07-13T19:31:23.625Z", "user": 1, "content_type": 17, "object_id": "1", "object_repr": "1", "action_flag": 1, "change_message": "[{\"added\": {}}]"}}, {"model": "admin.logentry", "pk": 23, "fields": {"action_time": "2022-07-13T19:31:46.564Z", "user": 1, "content_type": 20, "object_id": "1", "object_repr": "OrderItem object (1)", "action_flag": 1, "change_message": "[{\"added\": {}}]"}}, {"model": "admin.logentry", "pk": 24, "fields": {"action_time": "2022-07-13T19:32:05.429Z", "user": 1, "content_type": 20, "object_id": "1", "object_repr": "OrderItem object (1)", "action_flag": 2, "change_message": "[]"}}, {"model": "admin.logentry", "pk": 25, "fields": {"action_time": "2022-07-13T19:32:17.210Z", "user": 1, "content_type": 20, "object_id": "2", "object_repr": "OrderItem object (2)", "action_flag": 1, "change_message": "[{\"added\": {}}]"}}, {"model": "admin.logentry", "pk": 26, "fields": {"action_time": "2022-07-14T11:21:24.316Z", "user": 1, "content_type": 15, "object_id": "2", "object_repr": "CHOCOLATE DIPPED ORANGES WITH ACHILL ISLAND SEA SALT", "action_flag": 1, "change_message": "[{\"added\": {}}]"}}, {"model": "admin.logentry", "pk": 27, "fields": {"action_time": "2022-07-14T11:21:48.997Z", "user": 1, "content_type": 15, "object_id": "3", "object_repr": "CHOCOLATE DIPPED ORANGES WITH ACHILL ISLAND SEA SALT.", "action_flag": 1, "change_message": "[{\"added\": {}}]"}}, {"model": "admin.logentry", "pk": 28, "fields": {"action_time": "2022-07-14T11:22:00.750Z", "user": 1, "content_type": 15, "object_id": "2", "object_repr": "CHOCOLATE DIPPED ORANGES WITH ACHILL ISLAND SEA SALT", "action_flag": 3, "change_message": ""}}, {"model": "admin.logentry", "pk": 29, "fields": {"action_time": "2022-07-14T18:16:01.910Z", "user": 1, "content_type": 18, "object_id": "3", "object_repr": "SCARABUS SMOKED WHISKY SEA SALT (85G)", "action_flag": 2, "change_message": "[{\"changed\": {\"fields\": [\"Image\"]}}]"}}, {"model": "admin.logentry", "pk": 30, "fields": {"action_time": "2022-07-14T18:16:16.469Z", "user": 1, "content_type": 18, "object_id": "1", "object_repr": "ARDNAHOE MALTED BARLEY SMOKED SEA SALT (85G)", "action_flag": 2, "change_message": "[{\"changed\": {\"fields\": [\"Image\"]}}]"}}, {"model": "admin.logentry", "pk": 31, "fields": {"action_time": "2022-07-14T19:37:23.189Z", "user": 1, "content_type": 15, "object_id": "4", "object_repr": "ACHILL ISLAND SEA SALTED CARAMEL FUDGE BROWNIES", "action_flag": 1, "change_message": "[{\"added\": {}}]"}}, {"model": "admin.logentry", "pk": 32, "fields": {"action_time": "2022-07-14T19:38:53.325Z", "user": 1, "content_type": 15, "object_id": "4", "object_repr": "ACHILL ISLAND SEA SALTED CARAMEL FUDGE BROWNIES", "action_flag": 2, "change_message": "[{\"changed\": {\"fields\": [\"Body\"]}}]"}}, {"model": "admin.logentry", "pk": 33, "fields": {"action_time": "2022-07-14T19:39:00.993Z", "user": 1, "content_type": 15, "object_id": "1", "object_repr": "Test", "action_flag": 3, "change_message": ""}}, {"model": "admin.logentry", "pk": 34, "fields": {"action_time": "2022-07-14T19:40:40.305Z", "user": 1, "content_type": 15, "object_id": "3", "object_repr": "CHOCOLATE DIPPED ORANGES WITH ACHILL ISLAND SEA SALT.", "action_flag": 2, "change_message": "[{\"changed\": {\"fields\": [\"Body\"]}}]"}}, {"model": "admin.logentry", "pk": 35, "fields": {"action_time": "2022-07-15T13:30:53.127Z", "user": 1, "content_type": 15, "object_id": "4", "object_repr": "ACHILL ISLAND SEA SALTED CARAMEL FUDGE BROWNIES", "action_flag": 2, "change_message": "[{\"changed\": {\"fields\": [\"Image\"]}}]"}}, {"model": "admin.logentry", "pk": 36, "fields": {"action_time": "2022-07-15T13:33:06.737Z", "user": 1, "content_type": 15, "object_id": "4", "object_repr": "ACHILL ISLAND SEA SALTED CARAMEL FUDGE BROWNIES", "action_flag": 2, "change_message": "[{\"changed\": {\"fields\": [\"Image\"]}}]"}}, {"model": "admin.logentry", "pk": 37, "fields": {"action_time": "2022-07-15T21:50:22.141Z", "user": 1, "content_type": 22, "object_id": "1", "object_repr": "Arizona Original Bootcut Jeans", "action_flag": 3, "change_message": ""}}, {"model": "admin.logentry", "pk": 38, "fields": {"action_time": "2022-07-15T21:50:22.305Z", "user": 1, "content_type": 22, "object_id": "2", "object_repr": "Liz Claiborne Audra Classic Fit Straight Leg Pants", "action_flag": 3, "change_message": ""}}, {"model": "admin.logentry", "pk": 39, "fields": {"action_time": "2022-07-15T21:50:22.326Z", "user": 1, "content_type": 22, "object_id": "3", "object_repr": "Royal Velvet Matte Satin Square 3-pc. Coverlet Set", "action_flag": 3, "change_message": ""}}, {"model": "admin.logentry", "pk": 40, "fields": {"action_time": "2022-07-15T21:50:22.346Z", "user": 1, "content_type": 22, "object_id": "4", "object_repr": "Gibson Infinite Glaze 16-pc. Dinnerware Set", "action_flag": 3, "change_message": ""}}, {"model": "admin.logentry", "pk": 41, "fields": {"action_time": "2022-07-15T21:50:22.367Z", "user": 1, "content_type": 22, "object_id": "5", "object_repr": "Simply Calphalon Enameled Cast Iron Panini Pan", "action_flag": 3, "change_message": ""}}, {"model": "admin.logentry", "pk": 42, "fields": {"action_time": "2022-07-15T21:50:22.435Z", "user": 1, "content_type": 22, "object_id": "6", "object_repr": "The Foundry Supply Co. Solid Pocket TeeBig & Tall", "action_flag": 3, "change_message": ""}}, {"model": "admin.logentry", "pk": 43, "fields": {"action_time": "2022-07-15T21:50:22.457Z", "user": 1, "content_type": 22, "object_id": "7", "object_repr": "Liz Claiborne Classic Sophie Secretly Slender Trouser Leg Pants - Plus", "action_flag": 3, "change_message": ""}}, {"model": "admin.logentry", "pk": 44, "fields": {"action_time": "2022-07-15T21:50:22.477Z", "user": 1, "content_type": 22, "object_id": "8", "object_repr": "Rachael Ray Ceramic Olive Oil Dispenser", "action_flag": 3, "change_message": ""}}, {"model": "admin.logentry", "pk": 45, "fields": {"action_time": "2022-07-15T21:50:22.498Z", "user": 1, "content_type": 22, "object_id": "9", "object_repr": "Protech Performance Sheet Set", "action_flag": 3, "change_message": ""}}, {"model": "admin.logentry", "pk": 46, "fields": {"action_time": "2022-07-15T21:50:22.518Z", "user": 1, "content_type": 22, "object_id": "10", "object_repr": "Reflections Set of 4 Microfiber Napkins", "action_flag": 3, "change_message": ""}}, {"model": "admin.logentry", "pk": 47, "fields": {"action_time": "2022-07-15T21:50:22.539Z", "user": 1, "content_type": 22, "object_id": "11", "object_repr": "Chef Designs Black-Trimmed Cook ShirtBig & Tall", "action_flag": 3, "change_message": ""}}, {"model": "admin.logentry", "pk": 48, "fields": {"action_time": "2022-07-15T21:50:22.559Z", "user": 1, "content_type": 22, "object_id": "12", "object_repr": "Nike 3-pk. Performance Crew Socks - Boys", "action_flag": 3, "change_message": ""}}, {"model": "admin.logentry", "pk": 49, "fields": {"action_time": "2022-07-15T21:50:22.580Z", "user": 1, "content_type": 22, "object_id": "13", "object_repr": "Champion Jersey Tee", "action_flag": 3, "change_message": ""}}, {"model": "admin.logentry", "pk": 50, "fields": {"action_time": "2022-07-15T21:50:22.601Z", "user": 1, "content_type": 22, "object_id": "14", "object_repr": "Stafford 4-pk. Blended Cotton A-Shirts", "action_flag": 3, "change_message": ""}}, {"model": "admin.logentry", "pk": 51, "fields": {"action_time": "2022-07-15T21:50:22.621Z", "user": 1, "content_type": 22, "object_id": "15", "object_repr": "Stafford 4-pk. Heavyweight Crewneck T-ShirtsBig & Tall", "action_flag": 3, "change_message": ""}}, {"model": "admin.logentry", "pk": 52, "fields": {"action_time": "2022-07-15T21:50:22.642Z", "user": 1, "content_type": 22, "object_id": "16", "object_repr": "Levi's 529 Curvy Bootcut Jeans", "action_flag": 3, "change_message": ""}}, {"model": "admin.logentry", "pk": 53, "fields": {"action_time": "2022-07-15T21:50:22.662Z", "user": 1, "content_type": 22, "object_id": "17", "object_repr": "Worthington Essential Short-Sleeve Tee - Plus", "action_flag": 3, "change_message": ""}}, {"model": "admin.logentry", "pk": 54, "fields": {"action_time": "2022-07-15T21:50:22.682Z", "user": 1, "content_type": 22, "object_id": "18", "object_repr": "Marvel Comics Avengers Hulk Pillow Buddy", "action_flag": 3, "change_message": ""}}, {"model": "admin.logentry", "pk": 55, "fields": {"action_time": "2022-07-15T21:50:22.703Z", "user": 1, "content_type": 22, "object_id": "19", "object_repr": "Marvel Spiderman Pillow Buddy", "action_flag": 3, "change_message": ""}}, {"model": "admin.logentry", "pk": 56, "fields": {"action_time": "2022-07-15T21:50:22.724Z", "user": 1, "content_type": 22, "object_id": "20", "object_repr": "JCPenney Home Oven Mitt", "action_flag": 3, "change_message": ""}}, {"model": "admin.logentry", "pk": 57, "fields": {"action_time": "2022-07-15T21:50:22.744Z", "user": 1, "content_type": 22, "object_id": "21", "object_repr": "Farberware Sonoma 2-qt. Whistling Tea Kettle", "action_flag": 3, "change_message": ""}}, {"model": "admin.logentry", "pk": 58, "fields": {"action_time": "2022-07-15T21:50:22.765Z", "user": 1, "content_type": 22, "object_id": "22", "object_repr": "Silver Superman Shield Cufflinks", "action_flag": 3, "change_message": ""}}, {"model": "admin.logentry", "pk": 59, "fields": {"action_time": "2022-07-15T21:50:22.785Z", "user": 1, "content_type": 22, "object_id": "23", "object_repr": "Dickies Heavyweight Long-Sleeve Pocket Tee", "action_flag": 3, "change_message": ""}}, {"model": "admin.logentry", "pk": 60, "fields": {"action_time": "2022-07-15T21:50:22.806Z", "user": 1, "content_type": 22, "object_id": "24", "object_repr": "Royal Velvet Down Chamber Pillow", "action_flag": 3, "change_message": ""}}, {"model": "admin.logentry", "pk": 61, "fields": {"action_time": "2022-07-15T21:50:22.826Z", "user": 1, "content_type": 22, "object_id": "25", "object_repr": "Dickies Heavyweight Fleece Full Zip HoodieBig & Tall", "action_flag": 3, "change_message": ""}}, {"model": "admin.logentry", "pk": 62, "fields": {"action_time": "2022-07-15T21:50:22.847Z", "user": 1, "content_type": 22, "object_id": "26", "object_repr": "JCPenney Home Ashley Scalloped Stoneware 50-pc. Dinnerware Set - Service for 8", "action_flag": 3, "change_message": ""}}, {"model": "admin.logentry", "pk": 63, "fields": {"action_time": "2022-07-15T21:50:22.868Z", "user": 1, "content_type": 22, "object_id": "27", "object_repr": "Rachael Ray Porcelain II 10-pc. Cookware Set", "action_flag": 3, "change_message": ""}}, {"model": "admin.logentry", "pk": 64, "fields": {"action_time": "2022-07-15T21:50:22.888Z", "user": 1, "content_type": 22, "object_id": "28", "object_repr": "Hanes 3pk. Cotton Crewneck TShirts  Big & Tall", "action_flag": 3, "change_message": ""}}, {"model": "admin.logentry", "pk": 65, "fields": {"action_time": "2022-07-15T21:50:22.909Z", "user": 1, "content_type": 22, "object_id": "29", "object_repr": "Chenille Lines Bath Rug Collection", "action_flag": 3, "change_message": ""}}, {"model": "admin.logentry", "pk": 66, "fields": {"action_time": "2022-07-15T21:50:22.929Z", "user": 1, "content_type": 22, "object_id": "30", "object_repr": "Home Expressions Jacobean Stripe Oblong Decorative Pillow", "action_flag": 3, "change_message": ""}}, {"model": "admin.logentry", "pk": 67, "fields": {"action_time": "2022-07-15T21:50:22.950Z", "user": 1, "content_type": 22, "object_id": "31", "object_repr": "Armitron Now Womens Crystal-Accent White Leather Strap Watch", "action_flag": 3, "change_message": ""}}, {"model": "admin.logentry", "pk": 68, "fields": {"action_time": "2022-07-15T21:50:22.971Z", "user": 1, "content_type": 22, "object_id": "32", "object_repr": "Nike NA Swoosh Dri-FIT Cotton Tee", "action_flag": 3, "change_message": ""}}, {"model": "admin.logentry", "pk": 69, "fields": {"action_time": "2022-07-15T21:50:22.993Z", "user": 1, "content_type": 22, "object_id": "33", "object_repr": "Liz Claiborne 300tc Liquid Cotton Set of 2 Pillowcases", "action_flag": 3, "change_message": ""}}, {"model": "admin.logentry", "pk": 70, "fields": {"action_time": "2022-07-15T21:50:23.014Z", "user": 1, "content_type": 22, "object_id": "34", "object_repr": "Stafford Year-Round Pleated PantsBig & Tall", "action_flag": 3, "change_message": ""}}, {"model": "admin.logentry", "pk": 71, "fields": {"action_time": "2022-07-15T21:50:23.035Z", "user": 1, "content_type": 22, "object_id": "35", "object_repr": "Arizona Super-Skinny Jeans", "action_flag": 3, "change_message": ""}}, {"model": "admin.logentry", "pk": 72, "fields": {"action_time": "2022-07-15T21:50:23.056Z", "user": 1, "content_type": 22, "object_id": "36", "object_repr": "Nike 3-pk. Dri-FIT Fly Rise Crew Socks", "action_flag": 3, "change_message": ""}}, {"model": "admin.logentry", "pk": 73, "fields": {"action_time": "2022-07-15T21:50:23.077Z", "user": 1, "content_type": 22, "object_id": "37", "object_repr": "Royal Velvet Egyptian Cotton Solid Bath Towels", "action_flag": 3, "change_message": ""}}, {"model": "admin.logentry", "pk": 74, "fields": {"action_time": "2022-07-15T21:50:23.098Z", "user": 1, "content_type": 22, "object_id": "38", "object_repr": "Levinsohn Master Block All-In-One Mattress Protector", "action_flag": 3, "change_message": ""}}, {"model": "admin.logentry", "pk": 75, "fields": {"action_time": "2022-07-15T21:50:23.118Z", "user": 1, "content_type": 22, "object_id": "39", "object_repr": "Home Expressions Microfiber Twin XL Sheet Set", "action_flag": 3, "change_message": ""}}, {"model": "admin.logentry", "pk": 76, "fields": {"action_time": "2022-07-15T21:50:23.139Z", "user": 1, "content_type": 22, "object_id": "40", "object_repr": "Cake Boss Powdered Sugar Shaker with Lid", "action_flag": 3, "change_message": ""}}, {"model": "admin.logentry", "pk": 77, "fields": {"action_time": "2022-07-15T21:50:23.159Z", "user": 1, "content_type": 22, "object_id": "41", "object_repr": "Cake Boss Set of 2 Silicone Baking Mats", "action_flag": 3, "change_message": ""}}, {"model": "admin.logentry", "pk": 78, "fields": {"action_time": "2022-07-15T21:50:23.180Z", "user": 1, "content_type": 22, "object_id": "42", "object_repr": "Corelle Livingware 16-pc. Dinnerware Set", "action_flag": 3, "change_message": ""}}, {"model": "admin.logentry", "pk": 79, "fields": {"action_time": "2022-07-15T21:50:23.201Z", "user": 1, "content_type": 22, "object_id": "43", "object_repr": "Cuisinart Round Classic Waffle Maker", "action_flag": 3, "change_message": ""}}, {"model": "admin.logentry", "pk": 80, "fields": {"action_time": "2022-07-15T21:50:23.224Z", "user": 1, "content_type": 22, "object_id": "44", "object_repr": "The Foundry Supply Co. Quick-Dri PoloBig & Tall", "action_flag": 3, "change_message": ""}}, {"model": "admin.logentry", "pk": 81, "fields": {"action_time": "2022-07-15T21:50:23.246Z", "user": 1, "content_type": 22, "object_id": "45", "object_repr": "JCPenney Home Ultra Soft Micro Fleece Blanket", "action_flag": 3, "change_message": ""}}, {"model": "admin.logentry", "pk": 82, "fields": {"action_time": "2022-07-15T21:50:23.266Z", "user": 1, "content_type": 22, "object_id": "46", "object_repr": "Cottonloft Natural Cotton Blanket", "action_flag": 3, "change_message": ""}}, {"model": "admin.logentry", "pk": 83, "fields": {"action_time": "2022-07-15T21:50:23.287Z", "user": 1, "content_type": 22, "object_id": "47", "object_repr": "Konitz Dots and Stripes Set of 2 Bone China Mugs", "action_flag": 3, "change_message": ""}}, {"model": "admin.logentry", "pk": 84, "fields": {"action_time": "2022-07-15T21:50:23.307Z", "user": 1, "content_type": 22, "object_id": "48", "object_repr": "Jacques Mort 2-pk. Short-Sleeve Leotard - Girls", "action_flag": 3, "change_message": ""}}, {"model": "admin.logentry", "pk": 85, "fields": {"action_time": "2022-07-15T21:50:23.328Z", "user": 1, "content_type": 22, "object_id": "49", "object_repr": "Disney Cars McQueen Pillow Buddy", "action_flag": 3, "change_message": ""}}, {"model": "admin.logentry", "pk": 86, "fields": {"action_time": "2022-07-15T21:50:23.349Z", "user": 1, "content_type": 22, "object_id": "50", "object_repr": "Dockers Long-Sleeve No-Wrinkle Woven Shirt", "action_flag": 3, "change_message": ""}}, {"model": "admin.logentry", "pk": 87, "fields": {"action_time": "2022-07-15T21:50:23.370Z", "user": 1, "content_type": 22, "object_id": "51", "object_repr": "Stylus Short-Sleeve V-Neck Slub Tee - Plus", "action_flag": 3, "change_message": ""}}, {"model": "admin.logentry", "pk": 88, "fields": {"action_time": "2022-07-15T21:50:23.390Z", "user": 1, "content_type": 22, "object_id": "52", "object_repr": "Philips Airfryer Grill Pan", "action_flag": 3, "change_message": ""}}, {"model": "admin.logentry", "pk": 89, "fields": {"action_time": "2022-07-15T21:50:23.410Z", "user": 1, "content_type": 22, "object_id": "53", "object_repr": "Claiborne Short-Sleeve Woven Shirt", "action_flag": 3, "change_message": ""}}, {"model": "admin.logentry", "pk": 90, "fields": {"action_time": "2022-07-15T21:50:23.431Z", "user": 1, "content_type": 22, "object_id": "54", "object_repr": "adidas Adilogo Shock Energy Tee", "action_flag": 3, "change_message": ""}}, {"model": "admin.logentry", "pk": 91, "fields": {"action_time": "2022-07-15T21:50:23.452Z", "user": 1, "content_type": 22, "object_id": "55", "object_repr": "adidas climacool Boxer Briefs", "action_flag": 3, "change_message": ""}}, {"model": "admin.logentry", "pk": 92, "fields": {"action_time": "2022-07-15T21:50:23.472Z", "user": 1, "content_type": 22, "object_id": "56", "object_repr": "Stylus Slim Straight-Leg Jeans - Plus", "action_flag": 3, "change_message": ""}}, {"model": "admin.logentry", "pk": 93, "fields": {"action_time": "2022-07-15T21:50:23.493Z", "user": 1, "content_type": 22, "object_id": "57", "object_repr": "Worthington Sateen Cropped Pants - Petite", "action_flag": 3, "change_message": ""}}, {"model": "admin.logentry", "pk": 94, "fields": {"action_time": "2022-07-15T21:50:23.514Z", "user": 1, "content_type": 22, "object_id": "58", "object_repr": "Madison Park Essentials Concord Reversible Complete Bedding Set with Sheets", "action_flag": 3, "change_message": ""}}, {"model": "admin.logentry", "pk": 95, "fields": {"action_time": "2022-07-15T21:50:23.537Z", "user": 1, "content_type": 22, "object_id": "59", "object_repr": "Keurig K250 2.0 Compact Brewer", "action_flag": 3, "change_message": ""}}, {"model": "admin.logentry", "pk": 96, "fields": {"action_time": "2022-07-15T21:50:23.565Z", "user": 1, "content_type": 22, "object_id": "60", "object_repr": "Wrangler Reserve Authentic Relaxed-Fit Jeans-Big & Tall", "action_flag": 3, "change_message": ""}}, {"model": "admin.logentry", "pk": 97, "fields": {"action_time": "2022-07-15T21:50:23.587Z", "user": 1, "content_type": 22, "object_id": "61", "object_repr": "Eva Longoria Home Solana 4-pc. Comforter Set", "action_flag": 3, "change_message": ""}}, {"model": "admin.logentry", "pk": 98, "fields": {"action_time": "2022-07-15T21:50:23.609Z", "user": 1, "content_type": 22, "object_id": "62", "object_repr": "Carter's 4-pc. Take Me Home Set - Baby Boys preemie-6m", "action_flag": 3, "change_message": ""}}, {"model": "admin.logentry", "pk": 99, "fields": {"action_time": "2022-07-15T21:50:23.631Z", "user": 1, "content_type": 22, "object_id": "63", "object_repr": "Pfaltzgraff Everyday Sandy Shore 16-pc. Dinnerware Set", "action_flag": 3, "change_message": ""}}, {"model": "admin.logentry", "pk": 100, "fields": {"action_time": "2022-07-15T21:50:23.651Z", "user": 1, "content_type": 22, "object_id": "64", "object_repr": "Arizona Graphic Tee - Boys 8-20 and Husky", "action_flag": 3, "change_message": ""}}, {"model": "admin.logentry", "pk": 101, "fields": {"action_time": "2022-07-15T21:50:23.672Z", "user": 1, "content_type": 22, "object_id": "65", "object_repr": "Armitron Now Womens Crystal-Accent White Leather Strap Watch", "action_flag": 3, "change_message": ""}}, {"model": "admin.logentry", "pk": 102, "fields": {"action_time": "2022-07-15T21:50:23.694Z", "user": 1, "content_type": 22, "object_id": "66", "object_repr": "Nike Air Sickness Graphic Tee", "action_flag": 3, "change_message": ""}}, {"model": "admin.logentry", "pk": 103, "fields": {"action_time": "2022-07-15T21:50:23.716Z", "user": 1, "content_type": 22, "object_id": "67", "object_repr": "Claiborne Long-Sleeve Linen Shirt", "action_flag": 3, "change_message": ""}}, {"model": "admin.logentry", "pk": 104, "fields": {"action_time": "2022-07-15T21:50:23.739Z", "user": 1, "content_type": 22, "object_id": "68", "object_repr": "Arizona Bootcut Jeans", "action_flag": 3, "change_message": ""}}, {"model": "admin.logentry", "pk": 105, "fields": {"action_time": "2022-07-15T21:50:23.760Z", "user": 1, "content_type": 22, "object_id": "69", "object_repr": "Home Expressions Microfiber Twin XL Sheet Set", "action_flag": 3, "change_message": ""}}, {"model": "admin.logentry", "pk": 106, "fields": {"action_time": "2022-07-15T21:50:23.783Z", "user": 1, "content_type": 22, "object_id": "70", "object_repr": "Isotonic Iso-Cool Memory Foam Contour Pillow", "action_flag": 3, "change_message": ""}}, {"model": "admin.logentry", "pk": 107, "fields": {"action_time": "2022-07-15T21:50:23.809Z", "user": 1, "content_type": 22, "object_id": "71", "object_repr": "totes Tracey Womens Cold-Weather Boots", "action_flag": 3, "change_message": ""}}, {"model": "admin.logentry", "pk": 108, "fields": {"action_time": "2022-07-15T21:50:23.834Z", "user": 1, "content_type": 22, "object_id": "72", "object_repr": "Love Indigo Wing Back Flap Pocket Jeans", "action_flag": 3, "change_message": ""}}, {"model": "admin.logentry", "pk": 109, "fields": {"action_time": "2022-07-15T21:50:23.859Z", "user": 1, "content_type": 22, "object_id": "73", "object_repr": "Love Indigo Embroidered Back Pocket Jeans", "action_flag": 3, "change_message": ""}}, {"model": "admin.logentry", "pk": 110, "fields": {"action_time": "2022-07-15T21:50:23.879Z", "user": 1, "content_type": 22, "object_id": "74", "object_repr": "Love Indigo Cross Back Flap Pocket Jeans", "action_flag": 3, "change_message": ""}}, {"model": "admin.logentry", "pk": 111, "fields": {"action_time": "2022-07-15T21:50:23.903Z", "user": 1, "content_type": 22, "object_id": "75", "object_repr": "Arizona Ankle-Zip Jeggings", "action_flag": 3, "change_message": ""}}, {"model": "admin.logentry", "pk": 112, "fields": {"action_time": "2022-07-15T21:50:23.928Z", "user": 1, "content_type": 22, "object_id": "76", "object_repr": "Vanilla Star Embellished Skinny Jeans - Girls 7-16 and Plus", "action_flag": 3, "change_message": ""}}, {"model": "admin.logentry", "pk": 113, "fields": {"action_time": "2022-07-15T21:50:23.949Z", "user": 1, "content_type": 22, "object_id": "77", "object_repr": "Worthington 3/4-Sleeve Button-Front Oxford Shirt - Petite", "action_flag": 3, "change_message": ""}}, {"model": "admin.logentry", "pk": 114, "fields": {"action_time": "2022-07-15T21:50:23.972Z", "user": 1, "content_type": 22, "object_id": "78", "object_repr": "a.n.a Skinny Jeans", "action_flag": 3, "change_message": ""}}, {"model": "admin.logentry", "pk": 115, "fields": {"action_time": "2022-07-15T21:50:23.993Z", "user": 1, "content_type": 22, "object_id": "79", "object_repr": "a.n.a Bootcut Jeans", "action_flag": 3, "change_message": ""}}, {"model": "admin.logentry", "pk": 116, "fields": {"action_time": "2022-07-15T21:50:24.013Z", "user": 1, "content_type": 22, "object_id": "80", "object_repr": "Levi's Houlihan Short-Sleeve Logo Tee", "action_flag": 3, "change_message": ""}}, {"model": "admin.logentry", "pk": 117, "fields": {"action_time": "2022-07-15T21:50:24.036Z", "user": 1, "content_type": 22, "object_id": "81", "object_repr": "a.n.a Jeggings - Plus", "action_flag": 3, "change_message": ""}}, {"model": "admin.logentry", "pk": 118, "fields": {"action_time": "2022-07-15T21:50:24.057Z", "user": 1, "content_type": 22, "object_id": "82", "object_repr": "Nike Therma-FIT Pullover Hoodie - Boys 8-20", "action_flag": 3, "change_message": ""}}, {"model": "admin.logentry", "pk": 119, "fields": {"action_time": "2022-07-15T21:50:24.078Z", "user": 1, "content_type": 22, "object_id": "83", "object_repr": "Disney Collection Frozen Elsa Graphic Tee - Girls 2-12", "action_flag": 3, "change_message": ""}}, {"model": "admin.logentry", "pk": 120, "fields": {"action_time": "2022-07-15T21:50:24.101Z", "user": 1, "content_type": 22, "object_id": "84", "object_repr": "Dickies Short-Sleeve Performance Polo", "action_flag": 3, "change_message": ""}}, {"model": "admin.logentry", "pk": 121, "fields": {"action_time": "2022-07-15T21:50:24.126Z", "user": 1, "content_type": 22, "object_id": "85", "object_repr": "Sunbeam Comfy Toes Microplush Heated Throw", "action_flag": 3, "change_message": ""}}, {"model": "admin.logentry", "pk": 122, "fields": {"action_time": "2022-07-15T21:50:24.150Z", "user": 1, "content_type": 22, "object_id": "86", "object_repr": "Madison Park Lavinia 6-pc. Quilted Coverlet Set", "action_flag": 3, "change_message": ""}}, {"model": "admin.logentry", "pk": 123, "fields": {"action_time": "2022-07-15T21:50:24.172Z", "user": 1, "content_type": 22, "object_id": "87", "object_repr": "Xersion Quick-Dri Performance Bootcut Pant - Short", "action_flag": 3, "change_message": ""}}, {"model": "admin.logentry", "pk": 124, "fields": {"action_time": "2022-07-15T21:50:24.196Z", "user": 1, "content_type": 22, "object_id": "88", "object_repr": "Lugz Empire Hi Mens Water-Resistant Hiking Boots", "action_flag": 3, "change_message": ""}}, {"model": "admin.logentry", "pk": 125, "fields": {"action_time": "2022-07-15T21:50:24.217Z", "user": 1, "content_type": 22, "object_id": "89", "object_repr": "Made For Life Mesh Jacket - Plus", "action_flag": 3, "change_message": ""}}, {"model": "admin.logentry", "pk": 126, "fields": {"action_time": "2022-07-15T21:50:24.241Z", "user": 1, "content_type": 22, "object_id": "90", "object_repr": "Stafford Travel Brown Check Suit Jacket - Classic Fit", "action_flag": 3, "change_message": ""}}, {"model": "admin.logentry", "pk": 127, "fields": {"action_time": "2022-07-15T21:50:24.265Z", "user": 1, "content_type": 22, "object_id": "91", "object_repr": "Arizona Raglan-Sleeve Thermal Pullover", "action_flag": 3, "change_message": ""}}, {"model": "admin.logentry", "pk": 128, "fields": {"action_time": "2022-07-15T21:50:24.290Z", "user": 1, "content_type": 22, "object_id": "92", "object_repr": "Made For Life Long-Sleeve Flyaway Cardigan", "action_flag": 3, "change_message": ""}}, {"model": "admin.logentry", "pk": 129, "fields": {"action_time": "2022-07-15T21:50:24.314Z", "user": 1, "content_type": 22, "object_id": "93", "object_repr": "Stafford Flannel Pajama Set - Big & Tall", "action_flag": 3, "change_message": ""}}, {"model": "admin.logentry", "pk": 130, "fields": {"action_time": "2022-07-15T21:50:24.340Z", "user": 1, "content_type": 22, "object_id": "94", "object_repr": "Arizona Flannel Shirt - Preschool Boys 4-7", "action_flag": 3, "change_message": ""}}, {"model": "admin.logentry", "pk": 131, "fields": {"action_time": "2022-07-15T21:50:24.372Z", "user": 1, "content_type": 22, "object_id": "95", "object_repr": "Vieste Green Stone Statement Necklace", "action_flag": 3, "change_message": ""}}, {"model": "admin.logentry", "pk": 132, "fields": {"action_time": "2022-07-15T21:50:24.399Z", "user": 1, "content_type": 22, "object_id": "96", "object_repr": "Bonnie Jean Plaid Dress and Cardigan - Girls Plus", "action_flag": 3, "change_message": ""}}, {"model": "admin.logentry", "pk": 133, "fields": {"action_time": "2022-07-15T21:50:24.421Z", "user": 1, "content_type": 22, "object_id": "97", "object_repr": "Arizona Quilted Sweatshirt - Toddler Girls 2t-5t", "action_flag": 3, "change_message": ""}}, {"model": "admin.logentry", "pk": 134, "fields": {"action_time": "2022-07-15T21:50:24.445Z", "user": 1, "content_type": 22, "object_id": "98", "object_repr": "Arlee Jada Plaid Set of 4 Placemats", "action_flag": 3, "change_message": ""}}, {"model": "admin.logentry", "pk": 135, "fields": {"action_time": "2022-07-15T21:50:24.469Z", "user": 1, "content_type": 22, "object_id": "99", "object_repr": "St. John's Bay Short-Sleeve Polo Shirt - Plus", "action_flag": 3, "change_message": ""}}, {"model": "admin.logentry", "pk": 136, "fields": {"action_time": "2022-07-15T21:50:24.492Z", "user": 1, "content_type": 22, "object_id": "100", "object_repr": "Stylus Crossover Ankle Pants", "action_flag": 3, "change_message": ""}}, {"model": "admin.logentry", "pk": 137, "fields": {"action_time": "2022-07-15T21:51:01.639Z", "user": 1, "content_type": 22, "object_id": "101", "object_repr": "Stafford Non-Iron Cotton Oxford Dress Shirt - Big & Tall", "action_flag": 3, "change_message": ""}}, {"model": "admin.logentry", "pk": 138, "fields": {"action_time": "2022-07-15T21:51:01.662Z", "user": 1, "content_type": 22, "object_id": "102", "object_repr": "a.n.a Long-Sleeve Colorblock Sweater", "action_flag": 3, "change_message": ""}}, {"model": "admin.logentry", "pk": 139, "fields": {"action_time": "2022-07-15T21:51:01.684Z", "user": 1, "content_type": 22, "object_id": "103", "object_repr": "Stafford Travel Short-Sleeve Easy-Care Broadcloth Dress Shirt - Big & Tall", "action_flag": 3, "change_message": ""}}, {"model": "admin.logentry", "pk": 140, "fields": {"action_time": "2022-07-15T21:51:01.706Z", "user": 1, "content_type": 22, "object_id": "104", "object_repr": "Gloria Vanderbilt Amanda Jeans - Plus", "action_flag": 3, "change_message": ""}}, {"model": "admin.logentry", "pk": 141, "fields": {"action_time": "2022-07-15T21:51:01.727Z", "user": 1, "content_type": 22, "object_id": "105", "object_repr": "Made For Life Polar Fleece Vest", "action_flag": 3, "change_message": ""}}, {"model": "admin.logentry", "pk": 142, "fields": {"action_time": "2022-07-15T21:51:01.749Z", "user": 1, "content_type": 22, "object_id": "106", "object_repr": "Frank and Lulu Holland Park Comforter Set", "action_flag": 3, "change_message": ""}}, {"model": "admin.logentry", "pk": 143, "fields": {"action_time": "2022-07-15T21:51:01.771Z", "user": 1, "content_type": 22, "object_id": "107", "object_repr": "Frank and Lulu Layne Sheet Set", "action_flag": 3, "change_message": ""}}, {"model": "admin.logentry", "pk": 144, "fields": {"action_time": "2022-07-15T21:51:01.805Z", "user": 1, "content_type": 22, "object_id": "108", "object_repr": "Jamaica Bay Printed Micro Volley Swim Trunks", "action_flag": 3, "change_message": ""}}, {"model": "admin.logentry", "pk": 145, "fields": {"action_time": "2022-07-15T21:51:01.826Z", "user": 1, "content_type": 22, "object_id": "109", "object_repr": "Arizona Raglan Henley Tee - Boys 8-20", "action_flag": 3, "change_message": ""}}, {"model": "admin.logentry", "pk": 146, "fields": {"action_time": "2022-07-15T21:51:01.847Z", "user": 1, "content_type": 22, "object_id": "110", "object_repr": "Brooklyn Xpress Fleece Jogger Pants", "action_flag": 3, "change_message": ""}}, {"model": "admin.logentry", "pk": 147, "fields": {"action_time": "2022-07-15T21:51:01.869Z", "user": 1, "content_type": 22, "object_id": "111", "object_repr": "Bob Marely 1976 T-Shirt", "action_flag": 3, "change_message": ""}}, {"model": "admin.logentry", "pk": 148, "fields": {"action_time": "2022-07-15T21:51:01.890Z", "user": 1, "content_type": 22, "object_id": "112", "object_repr": "Diamond 24-pc. Bath Towel Set", "action_flag": 3, "change_message": ""}}, {"model": "admin.logentry", "pk": 149, "fields": {"action_time": "2022-07-15T21:51:01.911Z", "user": 1, "content_type": 22, "object_id": "113", "object_repr": "Arizona Raglan T-Shirt", "action_flag": 3, "change_message": ""}}, {"model": "admin.logentry", "pk": 150, "fields": {"action_time": "2022-07-15T21:51:01.935Z", "user": 1, "content_type": 22, "object_id": "114", "object_repr": "Arizona Pocket T-Shirt", "action_flag": 3, "change_message": ""}}, {"model": "admin.logentry", "pk": 151, "fields": {"action_time": "2022-07-15T21:51:01.956Z", "user": 1, "content_type": 22, "object_id": "115", "object_repr": "Liz Claiborne City-Fit Skinny Jeans - Plus", "action_flag": 3, "change_message": ""}}, {"model": "admin.logentry", "pk": 152, "fields": {"action_time": "2022-07-15T21:51:01.978Z", "user": 1, "content_type": 22, "object_id": "116", "object_repr": "Nike Dri-FIT Base Layer Tights", "action_flag": 3, "change_message": ""}}, {"model": "admin.logentry", "pk": 153, "fields": {"action_time": "2022-07-15T21:51:02.000Z", "user": 1, "content_type": 22, "object_id": "117", "object_repr": "Clarks Lexi Alloy Slide Strap Sandals", "action_flag": 3, "change_message": ""}}, {"model": "admin.logentry", "pk": 154, "fields": {"action_time": "2022-07-15T21:51:02.021Z", "user": 1, "content_type": 22, "object_id": "118", "object_repr": "Liz Claiborne Long-Sleeve V-Neck Striped Tunic", "action_flag": 3, "change_message": ""}}, {"model": "admin.logentry", "pk": 155, "fields": {"action_time": "2022-07-15T21:51:02.042Z", "user": 1, "content_type": 22, "object_id": "119", "object_repr": "Xersion Colorblock Yoga Shorts - Girls 7-16 and Plus", "action_flag": 3, "change_message": ""}}, {"model": "admin.logentry", "pk": 156, "fields": {"action_time": "2022-07-15T21:51:02.063Z", "user": 1, "content_type": 22, "object_id": "120", "object_repr": "Vans Zone Bluts Short-Sleeve T-Shirt", "action_flag": 3, "change_message": ""}}, {"model": "admin.logentry", "pk": 157, "fields": {"action_time": "2022-07-15T21:51:02.084Z", "user": 1, "content_type": 22, "object_id": "121", "object_repr": "Xersion Short-Sleeve V-Neck Graphic Tee - Girls 7-16 and Plus", "action_flag": 3, "change_message": ""}}, {"model": "admin.logentry", "pk": 158, "fields": {"action_time": "2022-07-15T21:51:02.092Z", "user": 1, "content_type": 22, "object_id": "101", "object_repr": "Stafford Non-Iron Cotton Oxford Dress Shirt - Big & Tall", "action_flag": 3, "change_message": ""}}, {"model": "admin.logentry", "pk": 159, "fields": {"action_time": "2022-07-15T21:51:02.106Z", "user": 1, "content_type": 22, "object_id": "122", "object_repr": "St. John's Bay Short-Sleeve V-Neck T-Shirt", "action_flag": 3, "change_message": ""}}, {"model": "admin.logentry", "pk": 160, "fields": {"action_time": "2022-07-15T21:51:02.114Z", "user": 1, "content_type": 22, "object_id": "102", "object_repr": "a.n.a Long-Sleeve Colorblock Sweater", "action_flag": 3, "change_message": ""}}, {"model": "admin.logentry", "pk": 161, "fields": {"action_time": "2022-07-15T21:51:02.127Z", "user": 1, "content_type": 22, "object_id": "123", "object_repr": "Alfred Dunner Denim Capris", "action_flag": 3, "change_message": ""}}, {"model": "admin.logentry", "pk": 162, "fields": {"action_time": "2022-07-15T21:51:02.135Z", "user": 1, "content_type": 22, "object_id": "103", "object_repr": "Stafford Travel Short-Sleeve Easy-Care Broadcloth Dress Shirt - Big & Tall", "action_flag": 3, "change_message": ""}}, {"model": "admin.logentry", "pk": 163, "fields": {"action_time": "2022-07-15T21:51:02.149Z", "user": 1, "content_type": 22, "object_id": "124", "object_repr": "Worthington Short-Sleeve Scoopneck T-Shirt - Tall", "action_flag": 3, "change_message": ""}}, {"model": "admin.logentry", "pk": 164, "fields": {"action_time": "2022-07-15T21:51:02.155Z", "user": 1, "content_type": 22, "object_id": "104", "object_repr": "Gloria Vanderbilt Amanda Jeans - Plus", "action_flag": 3, "change_message": ""}}, {"model": "admin.logentry", "pk": 165, "fields": {"action_time": "2022-07-15T21:51:02.170Z", "user": 1, "content_type": 22, "object_id": "125", "object_repr": "Stylus Flare Jeans", "action_flag": 3, "change_message": ""}}, {"model": "admin.logentry", "pk": 166, "fields": {"action_time": "2022-07-15T21:51:02.176Z", "user": 1, "content_type": 22, "object_id": "105", "object_repr": "Made For Life Polar Fleece Vest", "action_flag": 3, "change_message": ""}}, {"model": "admin.logentry", "pk": 167, "fields": {"action_time": "2022-07-15T21:51:02.191Z", "user": 1, "content_type": 22, "object_id": "126", "object_repr": "Marmellata Sleeveless Dotted Dress - Preschool Girls 4-6x", "action_flag": 3, "change_message": ""}}, {"model": "admin.logentry", "pk": 168, "fields": {"action_time": "2022-07-15T21:51:02.196Z", "user": 1, "content_type": 22, "object_id": "106", "object_repr": "Frank and Lulu Holland Park Comforter Set", "action_flag": 3, "change_message": ""}}, {"model": "admin.logentry", "pk": 169, "fields": {"action_time": "2022-07-15T21:51:02.212Z", "user": 1, "content_type": 22, "object_id": "127", "object_repr": "Levi's 527 Bootcut Jeans - Boys 8-20, Slim and Husky", "action_flag": 3, "change_message": ""}}, {"model": "admin.logentry", "pk": 170, "fields": {"action_time": "2022-07-15T21:51:02.216Z", "user": 1, "content_type": 22, "object_id": "107", "object_repr": "Frank and Lulu Layne Sheet Set", "action_flag": 3, "change_message": ""}}, {"model": "admin.logentry", "pk": 171, "fields": {"action_time": "2022-07-15T21:51:02.233Z", "user": 1, "content_type": 22, "object_id": "128", "object_repr": "Mixit Whitney Leggings - Tall", "action_flag": 3, "change_message": ""}}, {"model": "admin.logentry", "pk": 172, "fields": {"action_time": "2022-07-15T21:51:02.240Z", "user": 1, "content_type": 22, "object_id": "108", "object_repr": "Jamaica Bay Printed Micro Volley Swim Trunks", "action_flag": 3, "change_message": ""}}, {"model": "admin.logentry", "pk": 173, "fields": {"action_time": "2022-07-15T21:51:02.254Z", "user": 1, "content_type": 22, "object_id": "129", "object_repr": "Mixit Side Flower Jelly Strap Sandals", "action_flag": 3, "change_message": ""}}, {"model": "admin.logentry", "pk": 174, "fields": {"action_time": "2022-07-15T21:51:02.264Z", "user": 1, "content_type": 22, "object_id": "109", "object_repr": "Arizona Raglan Henley Tee - Boys 8-20", "action_flag": 3, "change_message": ""}}, {"model": "admin.logentry", "pk": 175, "fields": {"action_time": "2022-07-15T21:51:02.275Z", "user": 1, "content_type": 22, "object_id": "130", "object_repr": "Arizona Racerback Tank - Juniors Plus", "action_flag": 3, "change_message": ""}}, {"model": "admin.logentry", "pk": 176, "fields": {"action_time": "2022-07-15T21:51:02.285Z", "user": 1, "content_type": 22, "object_id": "110", "object_repr": "Brooklyn Xpress Fleece Jogger Pants", "action_flag": 3, "change_message": ""}}, {"model": "admin.logentry", "pk": 177, "fields": {"action_time": "2022-07-15T21:51:02.298Z", "user": 1, "content_type": 22, "object_id": "131", "object_repr": "St. John's Bay Long-Sleeve Camp Shirt", "action_flag": 3, "change_message": ""}}, {"model": "admin.logentry", "pk": 178, "fields": {"action_time": "2022-07-15T21:51:02.309Z", "user": 1, "content_type": 22, "object_id": "111", "object_repr": "Bob Marely 1976 T-Shirt", "action_flag": 3, "change_message": ""}}, {"model": "admin.logentry", "pk": 179, "fields": {"action_time": "2022-07-15T21:51:02.319Z", "user": 1, "content_type": 22, "object_id": "132", "object_repr": "Alfred Dunner Essential Pull On Capri Pant", "action_flag": 3, "change_message": ""}}, {"model": "admin.logentry", "pk": 180, "fields": {"action_time": "2022-07-15T21:51:02.329Z", "user": 1, "content_type": 22, "object_id": "112", "object_repr": "Diamond 24-pc. Bath Towel Set", "action_flag": 3, "change_message": ""}}, {"model": "admin.logentry", "pk": 181, "fields": {"action_time": "2022-07-15T21:51:02.340Z", "user": 1, "content_type": 22, "object_id": "133", "object_repr": "Worthington Tipped Envelope Skirt - Tall", "action_flag": 3, "change_message": ""}}, {"model": "admin.logentry", "pk": 182, "fields": {"action_time": "2022-07-15T21:51:02.351Z", "user": 1, "content_type": 22, "object_id": "113", "object_repr": "Arizona Raglan T-Shirt", "action_flag": 3, "change_message": ""}}, {"model": "admin.logentry", "pk": 183, "fields": {"action_time": "2022-07-15T21:51:02.364Z", "user": 1, "content_type": 22, "object_id": "134", "object_repr": "Stylus Destructed Roll-Cuff Boyfriend Crop Jeans", "action_flag": 3, "change_message": ""}}, {"model": "admin.logentry", "pk": 184, "fields": {"action_time": "2022-07-15T21:51:02.371Z", "user": 1, "content_type": 22, "object_id": "114", "object_repr": "Arizona Pocket T-Shirt", "action_flag": 3, "change_message": ""}}, {"model": "admin.logentry", "pk": 185, "fields": {"action_time": "2022-07-15T21:51:02.385Z", "user": 1, "content_type": 22, "object_id": "135", "object_repr": "a.n.a Roll-Cuff Skinny Ankle Jeans", "action_flag": 3, "change_message": ""}}, {"model": "admin.logentry", "pk": 186, "fields": {"action_time": "2022-07-15T21:51:02.391Z", "user": 1, "content_type": 22, "object_id": "115", "object_repr": "Liz Claiborne City-Fit Skinny Jeans - Plus", "action_flag": 3, "change_message": ""}}, {"model": "admin.logentry", "pk": 187, "fields": {"action_time": "2022-07-15T21:51:02.406Z", "user": 1, "content_type": 22, "object_id": "136", "object_repr": "Bounce Comfort Plush Memory Foam Chenille Bath Mats", "action_flag": 3, "change_message": ""}}, {"model": "admin.logentry", "pk": 188, "fields": {"action_time": "2022-07-15T21:51:02.413Z", "user": 1, "content_type": 22, "object_id": "116", "object_repr": "Nike Dri-FIT Base Layer Tights", "action_flag": 3, "change_message": ""}}, {"model": "admin.logentry", "pk": 189, "fields": {"action_time": "2022-07-15T21:51:02.427Z", "user": 1, "content_type": 22, "object_id": "137", "object_repr": "Disney Minnie Mouse Girls Athletic Shoes - Toddler", "action_flag": 3, "change_message": ""}}, {"model": "admin.logentry", "pk": 190, "fields": {"action_time": "2022-07-15T21:51:02.434Z", "user": 1, "content_type": 22, "object_id": "117", "object_repr": "Clarks Lexi Alloy Slide Strap Sandals", "action_flag": 3, "change_message": ""}}, {"model": "admin.logentry", "pk": 191, "fields": {"action_time": "2022-07-15T21:51:02.448Z", "user": 1, "content_type": 22, "object_id": "138", "object_repr": "Worthington 3/4-Sleeve Open-Front Cardigan Sweater", "action_flag": 3, "change_message": ""}}, {"model": "admin.logentry", "pk": 192, "fields": {"action_time": "2022-07-15T21:51:02.454Z", "user": 1, "content_type": 22, "object_id": "118", "object_repr": "Liz Claiborne Long-Sleeve V-Neck Striped Tunic", "action_flag": 3, "change_message": ""}}, {"model": "admin.logentry", "pk": 193, "fields": {"action_time": "2022-07-15T21:51:02.471Z", "user": 1, "content_type": 22, "object_id": "139", "object_repr": "Champion Vapor Muscle Tank - Plus", "action_flag": 3, "change_message": ""}}, {"model": "admin.logentry", "pk": 194, "fields": {"action_time": "2022-07-15T21:51:02.474Z", "user": 1, "content_type": 22, "object_id": "119", "object_repr": "Xersion Colorblock Yoga Shorts - Girls 7-16 and Plus", "action_flag": 3, "change_message": ""}}, {"model": "admin.logentry", "pk": 195, "fields": {"action_time": "2022-07-15T21:51:02.492Z", "user": 1, "content_type": 22, "object_id": "142", "object_repr": "Xersion Mesh-Back Tank Top - Plus", "action_flag": 3, "change_message": ""}}, {"model": "admin.logentry", "pk": 196, "fields": {"action_time": "2022-07-15T21:51:02.495Z", "user": 1, "content_type": 22, "object_id": "120", "object_repr": "Vans Zone Bluts Short-Sleeve T-Shirt", "action_flag": 3, "change_message": ""}}, {"model": "admin.logentry", "pk": 197, "fields": {"action_time": "2022-07-15T21:51:02.514Z", "user": 1, "content_type": 22, "object_id": "143", "object_repr": "Arizona Cropped Jeans with Belt - Girls 7-16 and Plus", "action_flag": 3, "change_message": ""}}, {"model": "admin.logentry", "pk": 198, "fields": {"action_time": "2022-07-15T21:51:02.517Z", "user": 1, "content_type": 22, "object_id": "121", "object_repr": "Xersion Short-Sleeve V-Neck Graphic Tee - Girls 7-16 and Plus", "action_flag": 3, "change_message": ""}}, {"model": "admin.logentry", "pk": 199, "fields": {"action_time": "2022-07-15T21:51:02.535Z", "user": 1, "content_type": 22, "object_id": "144", "object_repr": "Liz Claiborne City-Fit 5-Pocket Flared Cropped Jeans - Tall", "action_flag": 3, "change_message": ""}}, {"model": "admin.logentry", "pk": 200, "fields": {"action_time": "2022-07-15T21:51:02.538Z", "user": 1, "content_type": 22, "object_id": "122", "object_repr": "St. John's Bay Short-Sleeve V-Neck T-Shirt", "action_flag": 3, "change_message": ""}}, {"model": "admin.logentry", "pk": 201, "fields": {"action_time": "2022-07-15T21:51:02.557Z", "user": 1, "content_type": 22, "object_id": "145", "object_repr": "Presto Pizzazz Plus Rotating Oven", "action_flag": 3, "change_message": ""}}, {"model": "admin.logentry", "pk": 202, "fields": {"action_time": "2022-07-15T21:51:02.558Z", "user": 1, "content_type": 22, "object_id": "123", "object_repr": "Alfred Dunner Denim Capris", "action_flag": 3, "change_message": ""}}, {"model": "admin.logentry", "pk": 203, "fields": {"action_time": "2022-07-15T21:51:02.578Z", "user": 1, "content_type": 22, "object_id": "146", "object_repr": "Rachael Ray 10-pc. Hard-Anodized Cookware Set", "action_flag": 3, "change_message": ""}}, {"model": "admin.logentry", "pk": 204, "fields": {"action_time": "2022-07-15T21:51:02.579Z", "user": 1, "content_type": 22, "object_id": "124", "object_repr": "Worthington Short-Sleeve Scoopneck T-Shirt - Tall", "action_flag": 3, "change_message": ""}}, {"model": "admin.logentry", "pk": 205, "fields": {"action_time": "2022-07-15T21:51:02.601Z", "user": 1, "content_type": 22, "object_id": "147", "object_repr": "Island Shores Short-Sleeve Printed Camp Shirt", "action_flag": 3, "change_message": ""}}, {"model": "admin.logentry", "pk": 206, "fields": {"action_time": "2022-07-15T21:51:02.602Z", "user": 1, "content_type": 22, "object_id": "125", "object_repr": "Stylus Flare Jeans", "action_flag": 3, "change_message": ""}}, {"model": "admin.logentry", "pk": 207, "fields": {"action_time": "2022-07-15T21:51:02.622Z", "user": 1, "content_type": 22, "object_id": "148", "object_repr": "Black+Decker Stainless Steel Rapid 2-Slice Toaster", "action_flag": 3, "change_message": ""}}, {"model": "admin.logentry", "pk": 208, "fields": {"action_time": "2022-07-15T21:51:02.624Z", "user": 1, "content_type": 22, "object_id": "126", "object_repr": "Marmellata Sleeveless Dotted Dress - Preschool Girls 4-6x", "action_flag": 3, "change_message": ""}}, {"model": "admin.logentry", "pk": 209, "fields": {"action_time": "2022-07-15T21:51:02.643Z", "user": 1, "content_type": 22, "object_id": "101", "object_repr": "Stafford Non-Iron Cotton Oxford Dress Shirt - Big & Tall", "action_flag": 3, "change_message": ""}}, {"model": "admin.logentry", "pk": 210, "fields": {"action_time": "2022-07-15T21:51:02.645Z", "user": 1, "content_type": 22, "object_id": "127", "object_repr": "Levi's 527 Bootcut Jeans - Boys 8-20, Slim and Husky", "action_flag": 3, "change_message": ""}}, {"model": "admin.logentry", "pk": 211, "fields": {"action_time": "2022-07-15T21:51:02.643Z", "user": 1, "content_type": 22, "object_id": "149", "object_repr": "Stylus Linen Crop Pants", "action_flag": 3, "change_message": ""}}, {"model": "admin.logentry", "pk": 212, "fields": {"action_time": "2022-07-15T21:51:02.665Z", "user": 1, "content_type": 22, "object_id": "128", "object_repr": "Mixit Whitney Leggings - Tall", "action_flag": 3, "change_message": ""}}, {"model": "admin.logentry", "pk": 213, "fields": {"action_time": "2022-07-15T21:51:02.666Z", "user": 1, "content_type": 22, "object_id": "102", "object_repr": "a.n.a Long-Sleeve Colorblock Sweater", "action_flag": 3, "change_message": ""}}, {"model": "admin.logentry", "pk": 214, "fields": {"action_time": "2022-07-15T21:51:02.666Z", "user": 1, "content_type": 22, "object_id": "150", "object_repr": "Carter's Short-Sleeve Shark Tee - Preschool Boys 4-7", "action_flag": 3, "change_message": ""}}, {"model": "admin.logentry", "pk": 215, "fields": {"action_time": "2022-07-15T21:51:02.686Z", "user": 1, "content_type": 22, "object_id": "129", "object_repr": "Mixit Side Flower Jelly Strap Sandals", "action_flag": 3, "change_message": ""}}, {"model": "admin.logentry", "pk": 216, "fields": {"action_time": "2022-07-15T21:51:02.687Z", "user": 1, "content_type": 22, "object_id": "103", "object_repr": "Stafford Travel Short-Sleeve Easy-Care Broadcloth Dress Shirt - Big & Tall", "action_flag": 3, "change_message": ""}}, {"model": "admin.logentry", "pk": 217, "fields": {"action_time": "2022-07-15T21:51:02.687Z", "user": 1, "content_type": 22, "object_id": "151", "object_repr": "Made for Life Secretly Slender Capri Leggings - Plus", "action_flag": 3, "change_message": ""}}, {"model": "admin.logentry", "pk": 218, "fields": {"action_time": "2022-07-15T21:51:02.711Z", "user": 1, "content_type": 22, "object_id": "130", "object_repr": "Arizona Racerback Tank - Juniors Plus", "action_flag": 3, "change_message": ""}}, {"model": "admin.logentry", "pk": 219, "fields": {"action_time": "2022-07-15T21:51:02.711Z", "user": 1, "content_type": 22, "object_id": "104", "object_repr": "Gloria Vanderbilt Amanda Jeans - Plus", "action_flag": 3, "change_message": ""}}, {"model": "admin.logentry", "pk": 220, "fields": {"action_time": "2022-07-15T21:51:02.711Z", "user": 1, "content_type": 22, "object_id": "152", "object_repr": "Arizona Raw-Edge Denim Bermuda Shorts - Juniors Plus", "action_flag": 3, "change_message": ""}}, {"model": "admin.logentry", "pk": 221, "fields": {"action_time": "2022-07-15T21:51:02.731Z", "user": 1, "content_type": 22, "object_id": "131", "object_repr": "St. John's Bay Long-Sleeve Camp Shirt", "action_flag": 3, "change_message": ""}}, {"model": "admin.logentry", "pk": 222, "fields": {"action_time": "2022-07-15T21:51:02.732Z", "user": 1, "content_type": 22, "object_id": "105", "object_repr": "Made For Life Polar Fleece Vest", "action_flag": 3, "change_message": ""}}, {"model": "admin.logentry", "pk": 223, "fields": {"action_time": "2022-07-15T21:51:02.733Z", "user": 1, "content_type": 22, "object_id": "153", "object_repr": "Made For Life Short-Sleeve Print V-Neck Mesh T-Shirt - Tall", "action_flag": 3, "change_message": ""}}, {"model": "admin.logentry", "pk": 224, "fields": {"action_time": "2022-07-15T21:51:02.752Z", "user": 1, "content_type": 22, "object_id": "132", "object_repr": "Alfred Dunner Essential Pull On Capri Pant", "action_flag": 3, "change_message": ""}}, {"model": "admin.logentry", "pk": 225, "fields": {"action_time": "2022-07-15T21:51:02.753Z", "user": 1, "content_type": 22, "object_id": "106", "object_repr": "Frank and Lulu Holland Park Comforter Set", "action_flag": 3, "change_message": ""}}, {"model": "admin.logentry", "pk": 226, "fields": {"action_time": "2022-07-15T21:51:02.754Z", "user": 1, "content_type": 22, "object_id": "154", "object_repr": "Dockers Signature Classic-Fit Flat-Front Pants", "action_flag": 3, "change_message": ""}}, {"model": "admin.logentry", "pk": 227, "fields": {"action_time": "2022-07-15T21:51:02.772Z", "user": 1, "content_type": 22, "object_id": "133", "object_repr": "Worthington Tipped Envelope Skirt - Tall", "action_flag": 3, "change_message": ""}}, {"model": "admin.logentry", "pk": 228, "fields": {"action_time": "2022-07-15T21:51:02.773Z", "user": 1, "content_type": 22, "object_id": "107", "object_repr": "Frank and Lulu Layne Sheet Set", "action_flag": 3, "change_message": ""}}, {"model": "admin.logentry", "pk": 229, "fields": {"action_time": "2022-07-15T21:51:02.776Z", "user": 1, "content_type": 22, "object_id": "155", "object_repr": "Stylus Long-Sleeve Back-Pleat Oversized Shirt- Petite", "action_flag": 3, "change_message": ""}}, {"model": "admin.logentry", "pk": 230, "fields": {"action_time": "2022-07-15T21:51:02.794Z", "user": 1, "content_type": 22, "object_id": "108", "object_repr": "Jamaica Bay Printed Micro Volley Swim Trunks", "action_flag": 3, "change_message": ""}}, {"model": "admin.logentry", "pk": 231, "fields": {"action_time": "2022-07-15T21:51:02.793Z", "user": 1, "content_type": 22, "object_id": "134", "object_repr": "Stylus Destructed Roll-Cuff Boyfriend Crop Jeans", "action_flag": 3, "change_message": ""}}, {"model": "admin.logentry", "pk": 232, "fields": {"action_time": "2022-07-15T21:51:02.798Z", "user": 1, "content_type": 22, "object_id": "156", "object_repr": "Graham & Co. Dress Shirt, Tie and Pre-Tied Bow Tie", "action_flag": 3, "change_message": ""}}, {"model": "admin.logentry", "pk": 233, "fields": {"action_time": "2022-07-15T21:51:02.814Z", "user": 1, "content_type": 22, "object_id": "109", "object_repr": "Arizona Raglan Henley Tee - Boys 8-20", "action_flag": 3, "change_message": ""}}, {"model": "admin.logentry", "pk": 234, "fields": {"action_time": "2022-07-15T21:51:02.815Z", "user": 1, "content_type": 22, "object_id": "135", "object_repr": "a.n.a Roll-Cuff Skinny Ankle Jeans", "action_flag": 3, "change_message": ""}}, {"model": "admin.logentry", "pk": 235, "fields": {"action_time": "2022-07-15T21:51:02.819Z", "user": 1, "content_type": 22, "object_id": "157", "object_repr": "Arizona Flex Skinny Jeans", "action_flag": 3, "change_message": ""}}, {"model": "admin.logentry", "pk": 236, "fields": {"action_time": "2022-07-15T21:51:02.835Z", "user": 1, "content_type": 22, "object_id": "110", "object_repr": "Brooklyn Xpress Fleece Jogger Pants", "action_flag": 3, "change_message": ""}}, {"model": "admin.logentry", "pk": 237, "fields": {"action_time": "2022-07-15T21:51:02.836Z", "user": 1, "content_type": 22, "object_id": "136", "object_repr": "Bounce Comfort Plush Memory Foam Chenille Bath Mats", "action_flag": 3, "change_message": ""}}, {"model": "admin.logentry", "pk": 238, "fields": {"action_time": "2022-07-15T21:51:02.840Z", "user": 1, "content_type": 22, "object_id": "158", "object_repr": "Worthington Embroidered Tank Top - Tall", "action_flag": 3, "change_message": ""}}, {"model": "admin.logentry", "pk": 239, "fields": {"action_time": "2022-07-15T21:51:02.855Z", "user": 1, "content_type": 22, "object_id": "111", "object_repr": "Bob Marely 1976 T-Shirt", "action_flag": 3, "change_message": ""}}, {"model": "admin.logentry", "pk": 240, "fields": {"action_time": "2022-07-15T21:51:02.856Z", "user": 1, "content_type": 22, "object_id": "137", "object_repr": "Disney Minnie Mouse Girls Athletic Shoes - Toddler", "action_flag": 3, "change_message": ""}}, {"model": "admin.logentry", "pk": 241, "fields": {"action_time": "2022-07-15T21:51:02.861Z", "user": 1, "content_type": 22, "object_id": "159", "object_repr": "Made for Life Mesh Shorts - Tall", "action_flag": 3, "change_message": ""}}, {"model": "admin.logentry", "pk": 242, "fields": {"action_time": "2022-07-15T21:51:02.876Z", "user": 1, "content_type": 22, "object_id": "112", "object_repr": "Diamond 24-pc. Bath Towel Set", "action_flag": 3, "change_message": ""}}, {"model": "admin.logentry", "pk": 243, "fields": {"action_time": "2022-07-15T21:51:02.877Z", "user": 1, "content_type": 22, "object_id": "138", "object_repr": "Worthington 3/4-Sleeve Open-Front Cardigan Sweater", "action_flag": 3, "change_message": ""}}, {"model": "admin.logentry", "pk": 244, "fields": {"action_time": "2022-07-15T21:51:02.882Z", "user": 1, "content_type": 22, "object_id": "160", "object_repr": "Worthington Slim-Fit Cropped Pants", "action_flag": 3, "change_message": ""}}, {"model": "admin.logentry", "pk": 245, "fields": {"action_time": "2022-07-15T21:51:02.896Z", "user": 1, "content_type": 22, "object_id": "113", "object_repr": "Arizona Raglan T-Shirt", "action_flag": 3, "change_message": ""}}, {"model": "admin.logentry", "pk": 246, "fields": {"action_time": "2022-07-15T21:51:02.897Z", "user": 1, "content_type": 22, "object_id": "139", "object_repr": "Champion Vapor Muscle Tank - Plus", "action_flag": 3, "change_message": ""}}, {"model": "admin.logentry", "pk": 247, "fields": {"action_time": "2022-07-15T21:51:02.903Z", "user": 1, "content_type": 22, "object_id": "161", "object_repr": "Arizona Poplin Cargo Shorts - Boys 8-20", "action_flag": 3, "change_message": ""}}, {"model": "admin.logentry", "pk": 248, "fields": {"action_time": "2022-07-15T21:51:02.917Z", "user": 1, "content_type": 22, "object_id": "114", "object_repr": "Arizona Pocket T-Shirt", "action_flag": 3, "change_message": ""}}, {"model": "admin.logentry", "pk": 249, "fields": {"action_time": "2022-07-15T21:51:02.918Z", "user": 1, "content_type": 22, "object_id": "142", "object_repr": "Xersion Mesh-Back Tank Top - Plus", "action_flag": 3, "change_message": ""}}, {"model": "admin.logentry", "pk": 250, "fields": {"action_time": "2022-07-15T21:51:02.924Z", "user": 1, "content_type": 22, "object_id": "162", "object_repr": "a.n.a Sleeveless Cinched Waist Knit Jumpsuit", "action_flag": 3, "change_message": ""}}, {"model": "admin.logentry", "pk": 251, "fields": {"action_time": "2022-07-15T21:51:02.937Z", "user": 1, "content_type": 22, "object_id": "115", "object_repr": "Liz Claiborne City-Fit Skinny Jeans - Plus", "action_flag": 3, "change_message": ""}}, {"model": "admin.logentry", "pk": 252, "fields": {"action_time": "2022-07-15T21:51:02.939Z", "user": 1, "content_type": 22, "object_id": "143", "object_repr": "Arizona Cropped Jeans with Belt - Girls 7-16 and Plus", "action_flag": 3, "change_message": ""}}, {"model": "admin.logentry", "pk": 253, "fields": {"action_time": "2022-07-15T21:51:02.945Z", "user": 1, "content_type": 22, "object_id": "163", "object_repr": "i jeans by Buffalo Lace Midi Skirt", "action_flag": 3, "change_message": ""}}, {"model": "admin.logentry", "pk": 254, "fields": {"action_time": "2022-07-15T21:51:02.958Z", "user": 1, "content_type": 22, "object_id": "116", "object_repr": "Nike Dri-FIT Base Layer Tights", "action_flag": 3, "change_message": ""}}, {"model": "admin.logentry", "pk": 255, "fields": {"action_time": "2022-07-15T21:51:02.959Z", "user": 1, "content_type": 22, "object_id": "144", "object_repr": "Liz Claiborne City-Fit 5-Pocket Flared Cropped Jeans - Tall", "action_flag": 3, "change_message": ""}}, {"model": "admin.logentry", "pk": 256, "fields": {"action_time": "2022-07-15T21:51:02.967Z", "user": 1, "content_type": 22, "object_id": "164", "object_repr": "Liz Claiborne Roll-Cuff Cargo Shorts", "action_flag": 3, "change_message": ""}}, {"model": "admin.logentry", "pk": 257, "fields": {"action_time": "2022-07-15T21:51:02.981Z", "user": 1, "content_type": 22, "object_id": "117", "object_repr": "Clarks Lexi Alloy Slide Strap Sandals", "action_flag": 3, "change_message": ""}}, {"model": "admin.logentry", "pk": 258, "fields": {"action_time": "2022-07-15T21:51:02.982Z", "user": 1, "content_type": 22, "object_id": "145", "object_repr": "Presto Pizzazz Plus Rotating Oven", "action_flag": 3, "change_message": ""}}, {"model": "admin.logentry", "pk": 259, "fields": {"action_time": "2022-07-15T21:51:02.989Z", "user": 1, "content_type": 22, "object_id": "165", "object_repr": "Worthington Mixed Media Open Back Blouse - Plus", "action_flag": 3, "change_message": ""}}, {"model": "admin.logentry", "pk": 260, "fields": {"action_time": "2022-07-15T21:51:03.002Z", "user": 1, "content_type": 22, "object_id": "118", "object_repr": "Liz Claiborne Long-Sleeve V-Neck Striped Tunic", "action_flag": 3, "change_message": ""}}, {"model": "admin.logentry", "pk": 261, "fields": {"action_time": "2022-07-15T21:51:03.004Z", "user": 1, "content_type": 22, "object_id": "146", "object_repr": "Rachael Ray 10-pc. Hard-Anodized Cookware Set", "action_flag": 3, "change_message": ""}}, {"model": "admin.logentry", "pk": 262, "fields": {"action_time": "2022-07-15T21:51:03.011Z", "user": 1, "content_type": 22, "object_id": "166", "object_repr": "Steve Harvey Linen Blend Vest - Big & Tall", "action_flag": 3, "change_message": ""}}, {"model": "admin.logentry", "pk": 263, "fields": {"action_time": "2022-07-15T21:51:03.024Z", "user": 1, "content_type": 22, "object_id": "119", "object_repr": "Xersion Colorblock Yoga Shorts - Girls 7-16 and Plus", "action_flag": 3, "change_message": ""}}, {"model": "admin.logentry", "pk": 264, "fields": {"action_time": "2022-07-15T21:51:03.026Z", "user": 1, "content_type": 22, "object_id": "147", "object_repr": "Island Shores Short-Sleeve Printed Camp Shirt", "action_flag": 3, "change_message": ""}}, {"model": "admin.logentry", "pk": 265, "fields": {"action_time": "2022-07-15T21:51:03.037Z", "user": 1, "content_type": 22, "object_id": "167", "object_repr": "Studio 1 Sleeveless Embellished-Neck Handkerchief Dress - Plus", "action_flag": 3, "change_message": ""}}, {"model": "admin.logentry", "pk": 266, "fields": {"action_time": "2022-07-15T21:51:03.045Z", "user": 1, "content_type": 22, "object_id": "120", "object_repr": "Vans Zone Bluts Short-Sleeve T-Shirt", "action_flag": 3, "change_message": ""}}, {"model": "admin.logentry", "pk": 267, "fields": {"action_time": "2022-07-15T21:51:03.047Z", "user": 1, "content_type": 22, "object_id": "148", "object_repr": "Black+Decker Stainless Steel Rapid 2-Slice Toaster", "action_flag": 3, "change_message": ""}}, {"model": "admin.logentry", "pk": 268, "fields": {"action_time": "2022-07-15T21:51:03.059Z", "user": 1, "content_type": 22, "object_id": "168", "object_repr": "Danny & Nicole Sleeveless Printed Fit-and-Flare Dress - Plus", "action_flag": 3, "change_message": ""}}, {"model": "admin.logentry", "pk": 269, "fields": {"action_time": "2022-07-15T21:51:03.065Z", "user": 1, "content_type": 22, "object_id": "121", "object_repr": "Xersion Short-Sleeve V-Neck Graphic Tee - Girls 7-16 and Plus", "action_flag": 3, "change_message": ""}}, {"model": "admin.logentry", "pk": 270, "fields": {"action_time": "2022-07-15T21:51:03.069Z", "user": 1, "content_type": 22, "object_id": "149", "object_repr": "Stylus Linen Crop Pants", "action_flag": 3, "change_message": ""}}, {"model": "admin.logentry", "pk": 271, "fields": {"action_time": "2022-07-15T21:51:03.082Z", "user": 1, "content_type": 22, "object_id": "169", "object_repr": "MaryJane's Home Cotton Clouds Square Decorative Pillow", "action_flag": 3, "change_message": ""}}, {"model": "admin.logentry", "pk": 272, "fields": {"action_time": "2022-07-15T21:51:03.087Z", "user": 1, "content_type": 22, "object_id": "122", "object_repr": "St. John's Bay Short-Sleeve V-Neck T-Shirt", "action_flag": 3, "change_message": ""}}, {"model": "admin.logentry", "pk": 273, "fields": {"action_time": "2022-07-15T21:51:03.090Z", "user": 1, "content_type": 22, "object_id": "150", "object_repr": "Carter's Short-Sleeve Shark Tee - Preschool Boys 4-7", "action_flag": 3, "change_message": ""}}, {"model": "admin.logentry", "pk": 274, "fields": {"action_time": "2022-07-15T21:51:03.105Z", "user": 1, "content_type": 22, "object_id": "170", "object_repr": "City Triangles Sleeveless Lace Top Printed Short Belted Romper", "action_flag": 3, "change_message": ""}}, {"model": "admin.logentry", "pk": 275, "fields": {"action_time": "2022-07-15T21:51:03.111Z", "user": 1, "content_type": 22, "object_id": "123", "object_repr": "Alfred Dunner Denim Capris", "action_flag": 3, "change_message": ""}}, {"model": "admin.logentry", "pk": 276, "fields": {"action_time": "2022-07-15T21:51:03.114Z", "user": 1, "content_type": 22, "object_id": "151", "object_repr": "Made for Life Secretly Slender Capri Leggings - Plus", "action_flag": 3, "change_message": ""}}, {"model": "admin.logentry", "pk": 277, "fields": {"action_time": "2022-07-15T21:51:03.127Z", "user": 1, "content_type": 22, "object_id": "171", "object_repr": "by&by Spaghetti Strap Crochet Inset Waist Dress", "action_flag": 3, "change_message": ""}}, {"model": "admin.logentry", "pk": 278, "fields": {"action_time": "2022-07-15T21:51:03.133Z", "user": 1, "content_type": 22, "object_id": "124", "object_repr": "Worthington Short-Sleeve Scoopneck T-Shirt - Tall", "action_flag": 3, "change_message": ""}}, {"model": "admin.logentry", "pk": 279, "fields": {"action_time": "2022-07-15T21:51:03.135Z", "user": 1, "content_type": 22, "object_id": "152", "object_repr": "Arizona Raw-Edge Denim Bermuda Shorts - Juniors Plus", "action_flag": 3, "change_message": ""}}, {"model": "admin.logentry", "pk": 280, "fields": {"action_time": "2022-07-15T21:51:03.150Z", "user": 1, "content_type": 22, "object_id": "172", "object_repr": "Stylus Flare Jeans", "action_flag": 3, "change_message": ""}}, {"model": "admin.logentry", "pk": 281, "fields": {"action_time": "2022-07-15T21:51:03.156Z", "user": 1, "content_type": 22, "object_id": "125", "object_repr": "Stylus Flare Jeans", "action_flag": 3, "change_message": ""}}, {"model": "admin.logentry", "pk": 282, "fields": {"action_time": "2022-07-15T21:51:03.159Z", "user": 1, "content_type": 22, "object_id": "153", "object_repr": "Made For Life Short-Sleeve Print V-Neck Mesh T-Shirt - Tall", "action_flag": 3, "change_message": ""}}, {"model": "admin.logentry", "pk": 283, "fields": {"action_time": "2022-07-15T21:51:03.174Z", "user": 1, "content_type": 22, "object_id": "173", "object_repr": "Alyx Printed Maxi Skirt", "action_flag": 3, "change_message": ""}}, {"model": "admin.logentry", "pk": 284, "fields": {"action_time": "2022-07-15T21:51:03.178Z", "user": 1, "content_type": 22, "object_id": "126", "object_repr": "Marmellata Sleeveless Dotted Dress - Preschool Girls 4-6x", "action_flag": 3, "change_message": ""}}, {"model": "admin.logentry", "pk": 285, "fields": {"action_time": "2022-07-15T21:51:03.192Z", "user": 1, "content_type": 22, "object_id": "154", "object_repr": "Dockers Signature Classic-Fit Flat-Front Pants", "action_flag": 3, "change_message": ""}}, {"model": "admin.logentry", "pk": 286, "fields": {"action_time": "2022-07-15T21:51:03.222Z", "user": 1, "content_type": 22, "object_id": "174", "object_repr": "St. John's Bay Ikat Sharkbite Tank Top", "action_flag": 3, "change_message": ""}}, {"model": "admin.logentry", "pk": 287, "fields": {"action_time": "2022-07-15T21:51:03.317Z", "user": 1, "content_type": 22, "object_id": "127", "object_repr": "Levi's 527 Bootcut Jeans - Boys 8-20, Slim and Husky", "action_flag": 3, "change_message": ""}}, {"model": "admin.logentry", "pk": 288, "fields": {"action_time": "2022-07-15T21:51:03.317Z", "user": 1, "content_type": 22, "object_id": "155", "object_repr": "Stylus Long-Sleeve Back-Pleat Oversized Shirt- Petite", "action_flag": 3, "change_message": ""}}, {"model": "admin.logentry", "pk": 289, "fields": {"action_time": "2022-07-15T21:51:03.451Z", "user": 1, "content_type": 22, "object_id": "128", "object_repr": "Mixit Whitney Leggings - Tall", "action_flag": 3, "change_message": ""}}, {"model": "admin.logentry", "pk": 290, "fields": {"action_time": "2022-07-15T21:51:03.451Z", "user": 1, "content_type": 22, "object_id": "156", "object_repr": "Graham & Co. Dress Shirt, Tie and Pre-Tied Bow Tie", "action_flag": 3, "change_message": ""}}, {"model": "admin.logentry", "pk": 291, "fields": {"action_time": "2022-07-15T21:51:03.473Z", "user": 1, "content_type": 22, "object_id": "129", "object_repr": "Mixit Side Flower Jelly Strap Sandals", "action_flag": 3, "change_message": ""}}, {"model": "admin.logentry", "pk": 292, "fields": {"action_time": "2022-07-15T21:51:03.475Z", "user": 1, "content_type": 22, "object_id": "157", "object_repr": "Arizona Flex Skinny Jeans", "action_flag": 3, "change_message": ""}}, {"model": "admin.logentry", "pk": 293, "fields": {"action_time": "2022-07-15T21:51:03.495Z", "user": 1, "content_type": 22, "object_id": "130", "object_repr": "Arizona Racerback Tank - Juniors Plus", "action_flag": 3, "change_message": ""}}, {"model": "admin.logentry", "pk": 294, "fields": {"action_time": "2022-07-15T21:51:03.497Z", "user": 1, "content_type": 22, "object_id": "158", "object_repr": "Worthington Embroidered Tank Top - Tall", "action_flag": 3, "change_message": ""}}, {"model": "admin.logentry", "pk": 295, "fields": {"action_time": "2022-07-15T21:51:03.517Z", "user": 1, "content_type": 22, "object_id": "131", "object_repr": "St. John's Bay Long-Sleeve Camp Shirt", "action_flag": 3, "change_message": ""}}, {"model": "admin.logentry", "pk": 296, "fields": {"action_time": "2022-07-15T21:51:03.519Z", "user": 1, "content_type": 22, "object_id": "159", "object_repr": "Made for Life Mesh Shorts - Tall", "action_flag": 3, "change_message": ""}}, {"model": "admin.logentry", "pk": 297, "fields": {"action_time": "2022-07-15T21:51:03.540Z", "user": 1, "content_type": 22, "object_id": "132", "object_repr": "Alfred Dunner Essential Pull On Capri Pant", "action_flag": 3, "change_message": ""}}, {"model": "admin.logentry", "pk": 298, "fields": {"action_time": "2022-07-15T21:51:03.548Z", "user": 1, "content_type": 22, "object_id": "160", "object_repr": "Worthington Slim-Fit Cropped Pants", "action_flag": 3, "change_message": ""}}, {"model": "admin.logentry", "pk": 299, "fields": {"action_time": "2022-07-15T21:51:03.560Z", "user": 1, "content_type": 22, "object_id": "133", "object_repr": "Worthington Tipped Envelope Skirt - Tall", "action_flag": 3, "change_message": ""}}, {"model": "admin.logentry", "pk": 300, "fields": {"action_time": "2022-07-15T21:51:03.569Z", "user": 1, "content_type": 22, "object_id": "161", "object_repr": "Arizona Poplin Cargo Shorts - Boys 8-20", "action_flag": 3, "change_message": ""}}, {"model": "admin.logentry", "pk": 301, "fields": {"action_time": "2022-07-15T21:51:03.580Z", "user": 1, "content_type": 22, "object_id": "134", "object_repr": "Stylus Destructed Roll-Cuff Boyfriend Crop Jeans", "action_flag": 3, "change_message": ""}}, {"model": "admin.logentry", "pk": 302, "fields": {"action_time": "2022-07-15T21:51:03.589Z", "user": 1, "content_type": 22, "object_id": "162", "object_repr": "a.n.a Sleeveless Cinched Waist Knit Jumpsuit", "action_flag": 3, "change_message": ""}}, {"model": "admin.logentry", "pk": 303, "fields": {"action_time": "2022-07-15T21:51:03.601Z", "user": 1, "content_type": 22, "object_id": "135", "object_repr": "a.n.a Roll-Cuff Skinny Ankle Jeans", "action_flag": 3, "change_message": ""}}, {"model": "admin.logentry", "pk": 304, "fields": {"action_time": "2022-07-15T21:51:03.610Z", "user": 1, "content_type": 22, "object_id": "163", "object_repr": "i jeans by Buffalo Lace Midi Skirt", "action_flag": 3, "change_message": ""}}, {"model": "admin.logentry", "pk": 305, "fields": {"action_time": "2022-07-15T21:51:03.622Z", "user": 1, "content_type": 22, "object_id": "136", "object_repr": "Bounce Comfort Plush Memory Foam Chenille Bath Mats", "action_flag": 3, "change_message": ""}}, {"model": "admin.logentry", "pk": 306, "fields": {"action_time": "2022-07-15T21:51:03.630Z", "user": 1, "content_type": 22, "object_id": "164", "object_repr": "Liz Claiborne Roll-Cuff Cargo Shorts", "action_flag": 3, "change_message": ""}}, {"model": "admin.logentry", "pk": 307, "fields": {"action_time": "2022-07-15T21:51:03.642Z", "user": 1, "content_type": 22, "object_id": "137", "object_repr": "Disney Minnie Mouse Girls Athletic Shoes - Toddler", "action_flag": 3, "change_message": ""}}, {"model": "admin.logentry", "pk": 308, "fields": {"action_time": "2022-07-15T21:51:03.651Z", "user": 1, "content_type": 22, "object_id": "165", "object_repr": "Worthington Mixed Media Open Back Blouse - Plus", "action_flag": 3, "change_message": ""}}, {"model": "admin.logentry", "pk": 309, "fields": {"action_time": "2022-07-15T21:51:03.663Z", "user": 1, "content_type": 22, "object_id": "138", "object_repr": "Worthington 3/4-Sleeve Open-Front Cardigan Sweater", "action_flag": 3, "change_message": ""}}, {"model": "admin.logentry", "pk": 310, "fields": {"action_time": "2022-07-15T21:51:03.672Z", "user": 1, "content_type": 22, "object_id": "166", "object_repr": "Steve Harvey Linen Blend Vest - Big & Tall", "action_flag": 3, "change_message": ""}}, {"model": "admin.logentry", "pk": 311, "fields": {"action_time": "2022-07-15T21:51:03.683Z", "user": 1, "content_type": 22, "object_id": "139", "object_repr": "Champion Vapor Muscle Tank - Plus", "action_flag": 3, "change_message": ""}}, {"model": "admin.logentry", "pk": 312, "fields": {"action_time": "2022-07-15T21:51:03.692Z", "user": 1, "content_type": 22, "object_id": "167", "object_repr": "Studio 1 Sleeveless Embellished-Neck Handkerchief Dress - Plus", "action_flag": 3, "change_message": ""}}, {"model": "admin.logentry", "pk": 313, "fields": {"action_time": "2022-07-15T21:51:03.703Z", "user": 1, "content_type": 22, "object_id": "142", "object_repr": "Xersion Mesh-Back Tank Top - Plus", "action_flag": 3, "change_message": ""}}, {"model": "admin.logentry", "pk": 314, "fields": {"action_time": "2022-07-15T21:51:03.713Z", "user": 1, "content_type": 22, "object_id": "168", "object_repr": "Danny & Nicole Sleeveless Printed Fit-and-Flare Dress - Plus", "action_flag": 3, "change_message": ""}}, {"model": "admin.logentry", "pk": 315, "fields": {"action_time": "2022-07-15T21:51:03.723Z", "user": 1, "content_type": 22, "object_id": "143", "object_repr": "Arizona Cropped Jeans with Belt - Girls 7-16 and Plus", "action_flag": 3, "change_message": ""}}, {"model": "admin.logentry", "pk": 316, "fields": {"action_time": "2022-07-15T21:51:03.733Z", "user": 1, "content_type": 22, "object_id": "169", "object_repr": "MaryJane's Home Cotton Clouds Square Decorative Pillow", "action_flag": 3, "change_message": ""}}, {"model": "admin.logentry", "pk": 317, "fields": {"action_time": "2022-07-15T21:51:03.744Z", "user": 1, "content_type": 22, "object_id": "144", "object_repr": "Liz Claiborne City-Fit 5-Pocket Flared Cropped Jeans - Tall", "action_flag": 3, "change_message": ""}}, {"model": "admin.logentry", "pk": 318, "fields": {"action_time": "2022-07-15T21:51:03.755Z", "user": 1, "content_type": 22, "object_id": "170", "object_repr": "City Triangles Sleeveless Lace Top Printed Short Belted Romper", "action_flag": 3, "change_message": ""}}, {"model": "admin.logentry", "pk": 319, "fields": {"action_time": "2022-07-15T21:51:03.765Z", "user": 1, "content_type": 22, "object_id": "145", "object_repr": "Presto Pizzazz Plus Rotating Oven", "action_flag": 3, "change_message": ""}}, {"model": "admin.logentry", "pk": 320, "fields": {"action_time": "2022-07-15T21:51:03.775Z", "user": 1, "content_type": 22, "object_id": "171", "object_repr": "by&by Spaghetti Strap Crochet Inset Waist Dress", "action_flag": 3, "change_message": ""}}, {"model": "admin.logentry", "pk": 321, "fields": {"action_time": "2022-07-15T21:51:03.785Z", "user": 1, "content_type": 22, "object_id": "146", "object_repr": "Rachael Ray 10-pc. Hard-Anodized Cookware Set", "action_flag": 3, "change_message": ""}}, {"model": "admin.logentry", "pk": 322, "fields": {"action_time": "2022-07-15T21:51:03.795Z", "user": 1, "content_type": 22, "object_id": "172", "object_repr": "Stylus Flare Jeans", "action_flag": 3, "change_message": ""}}, {"model": "admin.logentry", "pk": 323, "fields": {"action_time": "2022-07-15T21:51:03.805Z", "user": 1, "content_type": 22, "object_id": "147", "object_repr": "Island Shores Short-Sleeve Printed Camp Shirt", "action_flag": 3, "change_message": ""}}, {"model": "admin.logentry", "pk": 324, "fields": {"action_time": "2022-07-15T21:51:03.815Z", "user": 1, "content_type": 22, "object_id": "173", "object_repr": "Alyx Printed Maxi Skirt", "action_flag": 3, "change_message": ""}}, {"model": "admin.logentry", "pk": 325, "fields": {"action_time": "2022-07-15T21:51:03.825Z", "user": 1, "content_type": 22, "object_id": "148", "object_repr": "Black+Decker Stainless Steel Rapid 2-Slice Toaster", "action_flag": 3, "change_message": ""}}, {"model": "admin.logentry", "pk": 326, "fields": {"action_time": "2022-07-15T21:51:03.835Z", "user": 1, "content_type": 22, "object_id": "174", "object_repr": "St. John's Bay Ikat Sharkbite Tank Top", "action_flag": 3, "change_message": ""}}, {"model": "admin.logentry", "pk": 327, "fields": {"action_time": "2022-07-15T21:51:03.845Z", "user": 1, "content_type": 22, "object_id": "149", "object_repr": "Stylus Linen Crop Pants", "action_flag": 3, "change_message": ""}}, {"model": "admin.logentry", "pk": 328, "fields": {"action_time": "2022-07-15T21:51:03.866Z", "user": 1, "content_type": 22, "object_id": "150", "object_repr": "Carter's Short-Sleeve Shark Tee - Preschool Boys 4-7", "action_flag": 3, "change_message": ""}}, {"model": "admin.logentry", "pk": 329, "fields": {"action_time": "2022-07-15T21:51:03.886Z", "user": 1, "content_type": 22, "object_id": "151", "object_repr": "Made for Life Secretly Slender Capri Leggings - Plus", "action_flag": 3, "change_message": ""}}, {"model": "admin.logentry", "pk": 330, "fields": {"action_time": "2022-07-15T21:51:03.906Z", "user": 1, "content_type": 22, "object_id": "152", "object_repr": "Arizona Raw-Edge Denim Bermuda Shorts - Juniors Plus", "action_flag": 3, "change_message": ""}}, {"model": "admin.logentry", "pk": 331, "fields": {"action_time": "2022-07-15T21:51:03.927Z", "user": 1, "content_type": 22, "object_id": "153", "object_repr": "Made For Life Short-Sleeve Print V-Neck Mesh T-Shirt - Tall", "action_flag": 3, "change_message": ""}}, {"model": "admin.logentry", "pk": 332, "fields": {"action_time": "2022-07-15T21:51:03.947Z", "user": 1, "content_type": 22, "object_id": "154", "object_repr": "Dockers Signature Classic-Fit Flat-Front Pants", "action_flag": 3, "change_message": ""}}, {"model": "admin.logentry", "pk": 333, "fields": {"action_time": "2022-07-15T21:51:03.967Z", "user": 1, "content_type": 22, "object_id": "155", "object_repr": "Stylus Long-Sleeve Back-Pleat Oversized Shirt- Petite", "action_flag": 3, "change_message": ""}}, {"model": "admin.logentry", "pk": 334, "fields": {"action_time": "2022-07-15T21:51:03.988Z", "user": 1, "content_type": 22, "object_id": "156", "object_repr": "Graham & Co. Dress Shirt, Tie and Pre-Tied Bow Tie", "action_flag": 3, "change_message": ""}}, {"model": "admin.logentry", "pk": 335, "fields": {"action_time": "2022-07-15T21:51:04.009Z", "user": 1, "content_type": 22, "object_id": "157", "object_repr": "Arizona Flex Skinny Jeans", "action_flag": 3, "change_message": ""}}, {"model": "admin.logentry", "pk": 336, "fields": {"action_time": "2022-07-15T21:51:04.029Z", "user": 1, "content_type": 22, "object_id": "158", "object_repr": "Worthington Embroidered Tank Top - Tall", "action_flag": 3, "change_message": ""}}, {"model": "admin.logentry", "pk": 337, "fields": {"action_time": "2022-07-15T21:51:04.049Z", "user": 1, "content_type": 22, "object_id": "159", "object_repr": "Made for Life Mesh Shorts - Tall", "action_flag": 3, "change_message": ""}}, {"model": "admin.logentry", "pk": 338, "fields": {"action_time": "2022-07-15T21:51:04.069Z", "user": 1, "content_type": 22, "object_id": "160", "object_repr": "Worthington Slim-Fit Cropped Pants", "action_flag": 3, "change_message": ""}}, {"model": "admin.logentry", "pk": 339, "fields": {"action_time": "2022-07-15T21:51:04.090Z", "user": 1, "content_type": 22, "object_id": "161", "object_repr": "Arizona Poplin Cargo Shorts - Boys 8-20", "action_flag": 3, "change_message": ""}}, {"model": "admin.logentry", "pk": 340, "fields": {"action_time": "2022-07-15T21:51:04.110Z", "user": 1, "content_type": 22, "object_id": "162", "object_repr": "a.n.a Sleeveless Cinched Waist Knit Jumpsuit", "action_flag": 3, "change_message": ""}}, {"model": "admin.logentry", "pk": 341, "fields": {"action_time": "2022-07-15T21:51:04.130Z", "user": 1, "content_type": 22, "object_id": "163", "object_repr": "i jeans by Buffalo Lace Midi Skirt", "action_flag": 3, "change_message": ""}}, {"model": "admin.logentry", "pk": 342, "fields": {"action_time": "2022-07-15T21:51:04.197Z", "user": 1, "content_type": 22, "object_id": "164", "object_repr": "Liz Claiborne Roll-Cuff Cargo Shorts", "action_flag": 3, "change_message": ""}}, {"model": "admin.logentry", "pk": 343, "fields": {"action_time": "2022-07-15T21:51:04.218Z", "user": 1, "content_type": 22, "object_id": "165", "object_repr": "Worthington Mixed Media Open Back Blouse - Plus", "action_flag": 3, "change_message": ""}}, {"model": "admin.logentry", "pk": 344, "fields": {"action_time": "2022-07-15T21:51:04.239Z", "user": 1, "content_type": 22, "object_id": "166", "object_repr": "Steve Harvey Linen Blend Vest - Big & Tall", "action_flag": 3, "change_message": ""}}, {"model": "admin.logentry", "pk": 345, "fields": {"action_time": "2022-07-15T21:51:04.260Z", "user": 1, "content_type": 22, "object_id": "167", "object_repr": "Studio 1 Sleeveless Embellished-Neck Handkerchief Dress - Plus", "action_flag": 3, "change_message": ""}}, {"model": "admin.logentry", "pk": 346, "fields": {"action_time": "2022-07-15T21:51:04.280Z", "user": 1, "content_type": 22, "object_id": "168", "object_repr": "Danny & Nicole Sleeveless Printed Fit-and-Flare Dress - Plus", "action_flag": 3, "change_message": ""}}, {"model": "admin.logentry", "pk": 347, "fields": {"action_time": "2022-07-15T21:51:04.301Z", "user": 1, "content_type": 22, "object_id": "169", "object_repr": "MaryJane's Home Cotton Clouds Square Decorative Pillow", "action_flag": 3, "change_message": ""}}, {"model": "admin.logentry", "pk": 348, "fields": {"action_time": "2022-07-15T21:51:04.322Z", "user": 1, "content_type": 22, "object_id": "170", "object_repr": "City Triangles Sleeveless Lace Top Printed Short Belted Romper", "action_flag": 3, "change_message": ""}}, {"model": "admin.logentry", "pk": 349, "fields": {"action_time": "2022-07-15T21:51:04.343Z", "user": 1, "content_type": 22, "object_id": "171", "object_repr": "by&by Spaghetti Strap Crochet Inset Waist Dress", "action_flag": 3, "change_message": ""}}, {"model": "admin.logentry", "pk": 350, "fields": {"action_time": "2022-07-15T21:51:04.363Z", "user": 1, "content_type": 22, "object_id": "172", "object_repr": "Stylus Flare Jeans", "action_flag": 3, "change_message": ""}}, {"model": "admin.logentry", "pk": 351, "fields": {"action_time": "2022-07-15T21:51:04.384Z", "user": 1, "content_type": 22, "object_id": "173", "object_repr": "Alyx Printed Maxi Skirt", "action_flag": 3, "change_message": ""}}, {"model": "admin.logentry", "pk": 352, "fields": {"action_time": "2022-07-15T21:51:04.404Z", "user": 1, "content_type": 22, "object_id": "174", "object_repr": "St. John's Bay Ikat Sharkbite Tank Top", "action_flag": 3, "change_message": ""}}, {"model": "admin.logentry", "pk": 353, "fields": {"action_time": "2022-07-15T22:00:48.202Z", "user": 1, "content_type": 21, "object_id": "9", "object_repr": "shirts", "action_flag": 3, "change_message": ""}}, {"model": "admin.logentry", "pk": 354, "fields": {"action_time": "2022-07-15T22:00:48.227Z", "user": 1, "content_type": 21, "object_id": "8", "object_repr": "new_arrivals", "action_flag": 3, "change_message": ""}}, {"model": "admin.logentry", "pk": 355, "fields": {"action_time": "2022-07-15T22:00:48.248Z", "user": 1, "content_type": 21, "object_id": "7", "object_repr": "kitchen_dining", "action_flag": 3, "change_message": ""}}, {"model": "admin.logentry", "pk": 356, "fields": {"action_time": "2022-07-15T22:00:48.269Z", "user": 1, "content_type": 21, "object_id": "6", "object_repr": "jeans", "action_flag": 3, "change_message": ""}}, {"model": "admin.logentry", "pk": 357, "fields": {"action_time": "2022-07-15T22:00:48.291Z", "user": 1, "content_type": 21, "object_id": "5", "object_repr": "essentials", "action_flag": 3, "change_message": ""}}, {"model": "admin.logentry", "pk": 358, "fields": {"action_time": "2022-07-15T22:00:48.312Z", "user": 1, "content_type": 21, "object_id": "4", "object_repr": "deals", "action_flag": 3, "change_message": ""}}, {"model": "admin.logentry", "pk": 359, "fields": {"action_time": "2022-07-18T10:50:30.422Z", "user": 1, "content_type": 22, "object_id": "1", "object_repr": "Achill Island Sea Salt 75G", "action_flag": 2, "change_message": "[{\"changed\": {\"fields\": [\"Image\"]}}]"}}, {"model": "admin.logentry", "pk": 360, "fields": {"action_time": "2022-07-18T10:54:50.022Z", "user": 1, "content_type": 22, "object_id": "2", "object_repr": "Achill Island Seaweed Salt 50G", "action_flag": 2, "change_message": "[{\"changed\": {\"fields\": [\"Image\"]}}]"}}, {"model": "admin.logentry", "pk": 361, "fields": {"action_time": "2022-07-18T10:56:36.948Z", "user": 1, "content_type": 22, "object_id": "3", "object_repr": "Achill Island Smoked Sea Salt 75G", "action_flag": 2, "change_message": "[]"}}, {"model": "admin.logentry", "pk": 362, "fields": {"action_time": "2022-07-18T10:56:39.705Z", "user": 1, "content_type": 22, "object_id": "3", "object_repr": "Achill Island Smoked Sea Salt 75G", "action_flag": 2, "change_message": "[{\"changed\": {\"fields\": [\"Image\"]}}]"}}, {"model": "admin.logentry", "pk": 363, "fields": {"action_time": "2022-07-18T10:57:37.333Z", "user": 1, "content_type": 22, "object_id": "4", "object_repr": "Blackthorn Scotland Sea Salt", "action_flag": 2, "change_message": "[{\"changed\": {\"fields\": [\"Image\"]}}]"}}, {"model": "admin.logentry", "pk": 364, "fields": {"action_time": "2022-07-18T10:59:15.666Z", "user": 1, "content_type": 22, "object_id": "6", "object_repr": "Halen Mon Pure Sea Salt", "action_flag": 2, "change_message": "[{\"changed\": {\"fields\": [\"Name\", \"Image\"]}}]"}}, {"model": "admin.logentry", "pk": 365, "fields": {"action_time": "2022-07-18T11:00:18.415Z", "user": 1, "content_type": 22, "object_id": "7", "object_repr": "Ardnahoe Malted Barley Smoked Sea Salt (85g)", "action_flag": 2, "change_message": "[{\"changed\": {\"fields\": [\"Image\"]}}]"}}, {"model": "admin.logentry", "pk": 366, "fields": {"action_time": "2022-07-18T11:04:08.627Z", "user": 1, "content_type": 22, "object_id": "5", "object_repr": "Orsay Sea Salt", "action_flag": 2, "change_message": "[{\"changed\": {\"fields\": [\"Image\"]}}]"}}, {"model": "admin.logentry", "pk": 367, "fields": {"action_time": "2022-07-18T11:05:56.733Z", "user": 1, "content_type": 15, "object_id": "4", "object_repr": "ACHILL ISLAND SEA SALTED CARAMEL FUDGE BROWNIES", "action_flag": 2, "change_message": "[{\"changed\": {\"fields\": [\"Image\"]}}]"}}, {"model": "admin.logentry", "pk": 368, "fields": {"action_time": "2022-07-18T11:06:20.633Z", "user": 1, "content_type": 15, "object_id": "3", "object_repr": "CHOCOLATE DIPPED ORANGES WITH ACHILL ISLAND SEA SALT.", "action_flag": 2, "change_message": "[{\"changed\": {\"fields\": [\"Image\"]}}]"}}, {"model": "admin.logentry", "pk": 369, "fields": {"action_time": "2022-07-18T15:29:32.580Z", "user": 1, "content_type": 22, "object_id": "1", "object_repr": "Achill Island Sea Salt 75G", "action_flag": 2, "change_message": "[{\"changed\": {\"fields\": [\"Size\"]}}]"}}, {"model": "admin.logentry", "pk": 370, "fields": {"action_time": "2022-07-18T15:29:45.803Z", "user": 1, "content_type": 22, "object_id": "2", "object_repr": "Achill Island Seaweed Salt", "action_flag": 2, "change_message": "[{\"changed\": {\"fields\": [\"Name\", \"Size\"]}}]"}}, {"model": "admin.logentry", "pk": 371, "fields": {"action_time": "2022-07-18T15:29:53.992Z", "user": 1, "content_type": 22, "object_id": "1", "object_repr": "Achill Island Sea Salt", "action_flag": 2, "change_message": "[{\"changed\": {\"fields\": [\"Name\"]}}]"}}, {"model": "admin.logentry", "pk": 372, "fields": {"action_time": "2022-07-18T15:30:22.366Z", "user": 1, "content_type": 22, "object_id": "3", "object_repr": "Achill Island Smoked Sea Salt", "action_flag": 2, "change_message": "[{\"changed\": {\"fields\": [\"Name\", \"Size\"]}}]"}}, {"model": "admin.logentry", "pk": 373, "fields": {"action_time": "2022-07-18T15:30:32.803Z", "user": 1, "content_type": 22, "object_id": "4", "object_repr": "Blackthorn Scotland Sea Salt", "action_flag": 2, "change_message": "[{\"changed\": {\"fields\": [\"Size\"]}}]"}}, {"model": "admin.logentry", "pk": 374, "fields": {"action_time": "2022-07-18T15:30:38.934Z", "user": 1, "content_type": 22, "object_id": "5", "object_repr": "Orsay Sea Salt", "action_flag": 2, "change_message": "[{\"changed\": {\"fields\": [\"Size\"]}}]"}}, {"model": "admin.logentry", "pk": 375, "fields": {"action_time": "2022-07-18T15:30:48.166Z", "user": 1, "content_type": 22, "object_id": "6", "object_repr": "Halen Mon Pure Sea Salt", "action_flag": 2, "change_message": "[{\"changed\": {\"fields\": [\"Size\"]}}]"}}, {"model": "admin.logentry", "pk": 376, "fields": {"action_time": "2022-07-18T15:31:01.013Z", "user": 1, "content_type": 22, "object_id": "7", "object_repr": "Ardnahoe Malted Barley Smoked Sea Salt", "action_flag": 2, "change_message": "[{\"changed\": {\"fields\": [\"Name\", \"Size\"]}}]"}}, {"model": "admin.logentry", "pk": 377, "fields": {"action_time": "2022-07-21T14:53:15.563Z", "user": 1, "content_type": 56, "object_id": "18", "object_repr": "ACHILL ISLAND SEA SALTED CARAMEL FUDGE BROWNIES - megan", "action_flag": 3, "change_message": ""}}, {"model": "admin.logentry", "pk": 378, "fields": {"action_time": "2022-07-21T14:53:15.585Z", "user": 1, "content_type": 56, "object_id": "17", "object_repr": "ACHILL ISLAND SEA SALTED CARAMEL FUDGE BROWNIES - megan", "action_flag": 3, "change_message": ""}}, {"model": "admin.logentry", "pk": 379, "fields": {"action_time": "2022-07-21T14:53:15.605Z", "user": 1, "content_type": 56, "object_id": "16", "object_repr": "ACHILL ISLAND SEA SALTED CARAMEL FUDGE BROWNIES - megan", "action_flag": 3, "change_message": ""}}, {"model": "admin.logentry", "pk": 380, "fields": {"action_time": "2022-07-21T14:53:15.624Z", "user": 1, "content_type": 56, "object_id": "15", "object_repr": "ACHILL ISLAND SEA SALTED CARAMEL FUDGE BROWNIES - Megan", "action_flag": 3, "change_message": ""}}, {"model": "admin.logentry", "pk": 381, "fields": {"action_time": "2022-07-21T14:53:15.644Z", "user": 1, "content_type": 56, "object_id": "14", "object_repr": "ACHILL ISLAND SEA SALTED CARAMEL FUDGE BROWNIES - Megan", "action_flag": 3, "change_message": ""}}, {"model": "admin.logentry", "pk": 382, "fields": {"action_time": "2022-07-21T14:53:15.664Z", "user": 1, "content_type": 56, "object_id": "13", "object_repr": "ACHILL ISLAND SEA SALTED CARAMEL FUDGE BROWNIES - Megan", "action_flag": 3, "change_message": ""}}, {"model": "admin.logentry", "pk": 383, "fields": {"action_time": "2022-07-21T14:53:15.684Z", "user": 1, "content_type": 56, "object_id": "12", "object_repr": "ACHILL ISLAND SEA SALTED CARAMEL FUDGE BROWNIES - Megan", "action_flag": 3, "change_message": ""}}, {"model": "admin.logentry", "pk": 384, "fields": {"action_time": "2022-07-21T14:53:15.703Z", "user": 1, "content_type": 56, "object_id": "11", "object_repr": "ACHILL ISLAND SEA SALTED CARAMEL FUDGE BROWNIES - Megan", "action_flag": 3, "change_message": ""}}, {"model": "admin.logentry", "pk": 385, "fields": {"action_time": "2022-07-21T14:53:15.723Z", "user": 1, "content_type": 56, "object_id": "10", "object_repr": "ACHILL ISLAND SEA SALTED CARAMEL FUDGE BROWNIES - harry", "action_flag": 3, "change_message": ""}}, {"model": "admin.logentry", "pk": 386, "fields": {"action_time": "2022-07-21T14:53:15.743Z", "user": 1, "content_type": 56, "object_id": "9", "object_repr": "ACHILL ISLAND SEA SALTED CARAMEL FUDGE BROWNIES - harry", "action_flag": 3, "change_message": ""}}, {"model": "admin.logentry", "pk": 387, "fields": {"action_time": "2022-07-21T14:53:15.763Z", "user": 1, "content_type": 56, "object_id": "8", "object_repr": "ACHILL ISLAND SEA SALTED CARAMEL FUDGE BROWNIES - harry", "action_flag": 3, "change_message": ""}}, {"model": "admin.logentry", "pk": 388, "fields": {"action_time": "2022-07-21T14:53:15.783Z", "user": 1, "content_type": 56, "object_id": "7", "object_repr": "ACHILL ISLAND SEA SALTED CARAMEL FUDGE BROWNIES - harry", "action_flag": 3, "change_message": ""}}, {"model": "admin.logentry", "pk": 389, "fields": {"action_time": "2022-07-21T14:53:15.803Z", "user": 1, "content_type": 56, "object_id": "6", "object_repr": "ACHILL ISLAND SEA SALTED CARAMEL FUDGE BROWNIES - Megan", "action_flag": 3, "change_message": ""}}, {"model": "admin.logentry", "pk": 390, "fields": {"action_time": "2022-07-21T14:53:15.823Z", "user": 1, "content_type": 56, "object_id": "5", "object_repr": "ACHILL ISLAND SEA SALTED CARAMEL FUDGE BROWNIES - Megan", "action_flag": 3, "change_message": ""}}, {"model": "admin.logentry", "pk": 391, "fields": {"action_time": "2022-07-21T14:53:15.842Z", "user": 1, "content_type": 56, "object_id": "4", "object_repr": "ACHILL ISLAND SEA SALTED CARAMEL FUDGE BROWNIES - Megan", "action_flag": 3, "change_message": ""}}, {"model": "admin.logentry", "pk": 392, "fields": {"action_time": "2022-07-21T14:53:15.862Z", "user": 1, "content_type": 56, "object_id": "3", "object_repr": "ACHILL ISLAND SEA SALTED CARAMEL FUDGE BROWNIES - Megan", "action_flag": 3, "change_message": ""}}, {"model": "admin.logentry", "pk": 393, "fields": {"action_time": "2022-07-21T14:53:15.882Z", "user": 1, "content_type": 56, "object_id": "2", "object_repr": "ACHILL ISLAND SEA SALTED CARAMEL FUDGE BROWNIES - Megan", "action_flag": 3, "change_message": ""}}, {"model": "admin.logentry", "pk": 394, "fields": {"action_time": "2022-07-21T14:53:15.902Z", "user": 1, "content_type": 56, "object_id": "1", "object_repr": "ACHILL ISLAND SEA SALTED CARAMEL FUDGE BROWNIES - Megan", "action_flag": 3, "change_message": ""}}, {"model": "admin.logentry", "pk": 395, "fields": {"action_time": "2022-07-21T17:10:12.946Z", "user": 1, "content_type": 23, "object_id": "7", "object_repr": "1C8A06D1CD5A4077AC372C76923F933B", "action_flag": 3, "change_message": ""}}, {"model": "admin.logentry", "pk": 396, "fields": {"action_time": "2022-07-21T17:10:12.968Z", "user": 1, "content_type": 23, "object_id": "6", "object_repr": "D44486C2B921426B9C980E1143DFF0B9", "action_flag": 3, "change_message": ""}}, {"model": "admin.logentry", "pk": 397, "fields": {"action_time": "2022-07-21T17:10:12.988Z", "user": 1, "content_type": 23, "object_id": "5", "object_repr": "32C99660DB4B4BD1B8E0B50D09A8F0D1", "action_flag": 3, "change_message": ""}}, {"model": "admin.logentry", "pk": 398, "fields": {"action_time": "2022-07-21T17:10:13.008Z", "user": 1, "content_type": 23, "object_id": "4", "object_repr": "04EAB19A97E045FE8461113B48E02C87", "action_flag": 3, "change_message": ""}}, {"model": "admin.logentry", "pk": 399, "fields": {"action_time": "2022-07-21T17:10:13.028Z", "user": 1, "content_type": 23, "object_id": "3", "object_repr": "633FAB4AC7D14455BD186801EE09E7E4", "action_flag": 3, "change_message": ""}}, {"model": "admin.logentry", "pk": 400, "fields": {"action_time": "2022-07-21T17:10:13.048Z", "user": 1, "content_type": 23, "object_id": "2", "object_repr": "F8EB064206D542D68DEB56ADB7328F89", "action_flag": 3, "change_message": ""}}, {"model": "admin.logentry", "pk": 401, "fields": {"action_time": "2022-07-21T17:10:13.068Z", "user": 1, "content_type": 23, "object_id": "1", "object_repr": "D3C65F803D904643BAA5D20E3E9D86DD", "action_flag": 3, "change_message": ""}}, {"model": "admin.logentry", "pk": 402, "fields": {"action_time": "2022-07-22T10:36:10.200Z", "user": 5, "content_type": 4, "object_id": "1", "object_repr": "admin", "action_flag": 3, "change_message": ""}}, {"model": "admin.logentry", "pk": 403, "fields": {"action_time": "2022-07-22T10:36:10.223Z", "user": 5, "content_type": 4, "object_id": "3", "object_repr": "Aine123", "action_flag": 3, "change_message": ""}}, {"model": "admin.logentry", "pk": 404, "fields": {"action_time": "2022-07-22T10:36:10.244Z", "user": 5, "content_type": 4, "object_id": "2", "object_repr": "Harry", "action_flag": 3, "change_message": ""}}, {"model": "admin.logentry", "pk": 405, "fields": {"action_time": "2022-07-22T10:36:33.231Z", "user": 5, "content_type": 4, "object_id": "3", "object_repr": "Aine123", "action_flag": 3, "change_message": ""}}, {"model": "admin.logentry", "pk": 406, "fields": {"action_time": "2022-07-22T10:36:33.253Z", "user": 5, "content_type": 4, "object_id": "2", "object_repr": "Harry", "action_flag": 3, "change_message": ""}}, {"model": "admin.logentry", "pk": 408, "fields": {"action_time": "2022-07-28T12:21:23.602Z", "user": 5, "content_type": 4, "object_id": "5", "object_repr": "admin2", "action_flag": 2, "change_message": "[]"}}, {"model": "admin.logentry", "pk": 409, "fields": {"action_time": "2022-07-28T12:23:12.940Z", "user": 5, "content_type": 4, "object_id": "5", "object_repr": "admin2", "action_flag": 2, "change_message": "[{\"changed\": {\"fields\": [\"First name\", \"Last name\"]}}]"}}, {"model": "admin.logentry", "pk": 410, "fields": {"action_time": "2022-07-28T12:23:25.416Z", "user": 5, "content_type": 4, "object_id": "1", "object_repr": "admin", "action_flag": 3, "change_message": ""}}, {"model": "admin.logentry", "pk": 411, "fields": {"action_time": "2022-07-29T13:24:16.046Z", "user": 5, "content_type": 15, "object_id": "5", "object_repr": "Pickled Cucumbers", "action_flag": 1, "change_message": "[{\"added\": {}}]"}}, {"model": "admin.logentry", "pk": 412, "fields": {"action_time": "2022-07-29T13:29:09.373Z", "user": 5, "content_type": 15, "object_id": "6", "object_repr": "Crispy Chickpeas", "action_flag": 1, "change_message": "[{\"added\": {}}]"}}, {"model": "admin.logentry", "pk": 413, "fields": {"action_time": "2022-07-29T13:29:52.843Z", "user": 5, "content_type": 15, "object_id": "4", "object_repr": "Achill Island Sea Salted Caramel Fudge Brownies", "action_flag": 2, "change_message": "[{\"changed\": {\"fields\": [\"Title\", \"Title tag\"]}}]"}}, {"model": "admin.logentry", "pk": 414, "fields": {"action_time": "2022-07-29T13:30:39.097Z", "user": 5, "content_type": 15, "object_id": "6", "object_repr": "Crispy Chickpeas", "action_flag": 2, "change_message": "[{\"changed\": {\"fields\": [\"Image\"]}}]"}}, {"model": "admin.logentry", "pk": 415, "fields": {"action_time": "2022-07-29T13:30:55.443Z", "user": 5, "content_type": 15, "object_id": "5", "object_repr": "Pickled Cucumbers", "action_flag": 2, "change_message": "[{\"changed\": {\"fields\": [\"Image\"]}}]"}}, {"model": "admin.logentry", "pk": 416, "fields": {"action_time": "2022-07-29T13:32:11.222Z", "user": 5, "content_type": 15, "object_id": "5", "object_repr": "Pickled Cucumbers", "action_flag": 2, "change_message": "[{\"changed\": {\"fields\": [\"Image\"]}}]"}}, {"model": "admin.logentry", "pk": 417, "fields": {"action_time": "2022-08-02T17:50:12.803Z", "user": 5, "content_type": 62, "object_id": "1", "object_repr": "Har", "action_flag": 1, "change_message": "[{\"added\": {}}]"}}, {"model": "admin.logentry", "pk": 418, "fields": {"action_time": "2022-08-02T17:50:44.941Z", "user": 5, "content_type": 62, "object_id": "1", "object_repr": "harry", "action_flag": 2, "change_message": "[{\"changed\": {\"fields\": [\"Name\"]}}, {\"added\": {\"name\": \"image\", \"object\": \"Image object (1)\"}}, {\"added\": {\"name\": \"image\", \"object\": \"Image object (2)\"}}, {\"added\": {\"name\": \"image\", \"object\": \"Image object (3)\"}}]"}}, {"model": "admin.logentry", "pk": 419, "fields": {"action_time": "2022-08-02T18:24:25.081Z", "user": 5, "content_type": 62, "object_id": "1", "object_repr": "Megan", "action_flag": 1, "change_message": "[{\"added\": {}}]"}}, {"model": "admin.logentry", "pk": 420, "fields": {"action_time": "2022-08-02T19:23:07.990Z", "user": 5, "content_type": 65, "object_id": "1", "object_repr": "Orsay Sea Salt", "action_flag": 1, "change_message": "[{\"added\": {}}]"}}, {"model": "admin.logentry", "pk": 421, "fields": {"action_time": "2022-08-02T19:24:59.710Z", "user": 5, "content_type": 65, "object_id": "2", "object_repr": "Achill Island Sea Salt", "action_flag": 1, "change_message": "[{\"added\": {}}]"}}, {"model": "admin.logentry", "pk": 422, "fields": {"action_time": "2022-08-02T19:26:27.609Z", "user": 5, "content_type": 64, "object_id": "1", "object_repr": "Description object (1)", "action_flag": 1, "change_message": "[{\"added\": {}}]"}}, {"model": "admin.logentry", "pk": 423, "fields": {"action_time": "2022-08-02T19:26:39.182Z", "user": 5, "content_type": 64, "object_id": "2", "object_repr": "Description object (2)", "action_flag": 1, "change_message": "[{\"added\": {}}]"}}, {"model": "admin.logentry", "pk": 424, "fields": {"action_time": "2022-08-02T19:26:55.783Z", "user": 5, "content_type": 64, "object_id": "3", "object_repr": "Description object (3)", "action_flag": 1, "change_message": "[{\"added\": {}}]"}}, {"model": "admin.logentry", "pk": 425, "fields": {"action_time": "2022-08-02T19:27:08.870Z", "user": 5, "content_type": 64, "object_id": "3", "object_repr": "Description object (3)", "action_flag": 2, "change_message": "[]"}}, {"model": "admin.logentry", "pk": 426, "fields": {"action_time": "2022-08-02T19:37:17.512Z", "user": 5, "content_type": 65, "object_id": "2", "object_repr": "Achill Island Sea Salt", "action_flag": 2, "change_message": "[{\"changed\": {\"fields\": [\"Image\"]}}]"}}, {"model": "admin.logentry", "pk": 427, "fields": {"action_time": "2022-08-02T19:37:20.544Z", "user": 5, "content_type": 65, "object_id": "2", "object_repr": "Achill Island Sea Salt", "action_flag": 2, "change_message": "[{\"changed\": {\"fields\": [\"Image\"]}}]"}}, {"model": "admin.logentry", "pk": 428, "fields": {"action_time": "2022-08-02T19:39:10.773Z", "user": 5, "content_type": 65, "object_id": "2", "object_repr": "Achill Island Sea Salt", "action_flag": 2, "change_message": "[{\"changed\": {\"fields\": [\"Image\"]}}]"}}, {"model": "admin.logentry", "pk": 429, "fields": {"action_time": "2022-08-02T19:48:45.664Z", "user": 5, "content_type": 65, "object_id": "2", "object_repr": "Achill Island Sea Salt", "action_flag": 2, "change_message": "[{\"changed\": {\"fields\": [\"Category\"]}}]"}}, {"model": "admin.logentry", "pk": 430, "fields": {"action_time": "2022-08-02T19:48:54.250Z", "user": 5, "content_type": 65, "object_id": "1", "object_repr": "Orsay Sea Salt", "action_flag": 2, "change_message": "[{\"changed\": {\"fields\": [\"Category\"]}}]"}}, {"model": "admin.logentry", "pk": 431, "fields": {"action_time": "2022-08-02T19:50:28.492Z", "user": 5, "content_type": 65, "object_id": "2", "object_repr": "Achill Island Sea Salt", "action_flag": 2, "change_message": "[]"}}, {"model": "admin.logentry", "pk": 432, "fields": {"action_time": "2022-08-02T21:53:42.869Z", "user": 5, "content_type": 65, "object_id": "2", "object_repr": "c59ewgmhaxkpdyyinrzr", "action_flag": 2, "change_message": "[{\"changed\": {\"fields\": [\"Image\"]}}]"}}, {"model": "admin.logentry", "pk": 433, "fields": {"action_time": "2022-08-03T10:48:32.316Z", "user": 5, "content_type": 67, "object_id": "1", "object_repr": "Introduction object (1)", "action_flag": 1, "change_message": "[{\"added\": {}}]"}}, {"model": "admin.logentry", "pk": 434, "fields": {"action_time": "2022-08-03T11:01:00.092Z", "user": 5, "content_type": 67, "object_id": "2", "object_repr": "Introduction object (2)", "action_flag": 1, "change_message": "[{\"added\": {}}]"}}, {"model": "admin.logentry", "pk": 435, "fields": {"action_time": "2022-08-03T11:01:22.370Z", "user": 5, "content_type": 67, "object_id": "2", "object_repr": "Introduction object (2)", "action_flag": 3, "change_message": ""}}, {"model": "auth.user", "pk": 1, "fields": {"password": "pbkdf2_sha256$260000$MukJzjvEOPX1UYmWLGZuSB$y9ndipxnw7r0VvKIIbPTp01qjXQDc/oqYtdIZr8vYnQ=", "last_login": "2022-07-28T12:22:17.611Z", "is_superuser": true, "username": "admin", "first_name": "Megan", "last_name": "Nyhan", "email": "nyhanmegan@gmail.com", "is_staff": true, "is_active": true, "date_joined": "2022-06-13T18:44:57Z", "groups": [], "user_permissions": []}}, {"model": "auth.user", "pk": 4, "fields": {"password": "pbkdf2_sha256$260000$wKh8LiJ8sGhnKtAPIpA0Xo$T9+HWZt+AXtyxIrJzNruoF1+fBsoBKIor8o1QOOH5Kw=", "last_login": "2022-07-22T18:13:51.989Z", "is_superuser": false, "username": "Harry123", "first_name": "Harry", "last_name": "Nyhan", "email": "admin@mdrc.ie", "is_staff": false, "is_active": true, "date_joined": "2022-07-22T10:29:35.971Z", "groups": [], "user_permissions": []}}, {"model": "auth.user", "pk": 5, "fields": {"password": "pbkdf2_sha256$260000$hULi3ZGMR1djA6En7jtx9M$74gsF2kI1+QDB926WoZJn4gSWoWPlhkbU4SwzoA8rMY=", "last_login": "2022-08-03T10:43:24.470Z", "is_superuser": true, "username": "admin2", "first_name": "Megan", "last_name": "Nyhan", "email": "nyhanmegan@gmail.com", "is_staff": true, "is_active": true, "date_joined": "2022-07-22T10:35:39Z", "groups": [], "user_permissions": []}}, {"model": "sessions.session", "pk": "01z7a7yhomovfq33e2k133k2i1pkztmg", "fields": {"session_data": "eyJiYWciOnsiMyI6MX19:1oFEaW:F94M5GnmUHGnrZZYsfovmuyywMf5NhcetesCQbxNDKc", "expire_date": "2022-08-06T12:50:32.369Z"}}, {"model": "sessions.session", "pk": "0sy6nyudw92vpam4n1p84t8j4xhek0sf", "fields": {"session_data": ".eJxVTjkOgzAQ_MvWluUjNrbL9LwB7foAkggkjgrx9xiJImlGmlNzQIf7NnT7mpduTBBAAvvVCOM7T5eRXjj1M4_ztC0j8SvCb3fl7Zzy53ln_wYGXIfaVgYdJhO1QZKiNEYL8ip7ijaSTSZFIVPW2RXh4qPxpViLwpSiC1nndR0l7CEc9WCQkoGGoDSDpjIGqqI6zy86y0AK:1oDolf:3MfdWt785ereNTr47pnySklx4WORrUJyDH0g2p0mlxA", "expire_date": "2022-08-02T15:04:11.170Z"}}, {"model": "sessions.session", "pk": "0ymruc2iupl78oz3x3n8exl929ynnovy", "fields": {"session_data": ".eJxVjjsOgzAQRO_iOrJsHBubMn3OgPbjBZIIJAwV4u4BiSJp5808zaZaWJe-XUue24FVo6y6_WYI9M7jCfgFYzdpmsZlHlCfFX3Rop8T58_j6v4Jeij9sa48RGBPzgNaI7V3BlOVE1IgDOyZjOXschQT6V4nkRDAeBEnGGJyhxShU812HGzsvn8BLLY8Rg:1oDVGW:29VkyAFYUrwFK_soaxrF8hRakEhUceUZOqHp9wdStSk", "expire_date": "2022-08-01T18:14:44.879Z"}}, {"model": "sessions.session", "pk": "3clzq6cue9tl6kipfqp8uruzdv6emspe", "fields": {"session_data": ".eJxVjE0OgjAYBe_StWkKtaV16Z4zNN-voAYSCivj3ZWEhW7fzLyXKbCtQ9mqLGVkczGNOf1uCPSQaQd8h-k2W5qndRnR7oo9aLX9zPK8Hu7fwQB1-NZtgAQcyAfAxmkXvMPcSkaKhJEDk2tYvCR1ic5dVo0RXFD1ijFlb94f_Bg4mg:1oC11V:ZUpTithlhtc4HGjc3qgCka5oDuYcau9wxHHLHBPkdgI", "expire_date": "2022-07-28T15:45:05.029Z"}}, {"model": "sessions.session", "pk": "3lt6t7z6ko6erqbfzw92q3e7a0kyq7b0", "fields": {"session_data": ".eJxVjEsOwjAMBe-SNYpMqJOGJfueoXJshxZQIvWzQtydVuoCtjPz3tv0tC5Dv8469aOYq0Fz-mWJ-KllF_Kgcq-Wa1mmMdk9sYedbVdFX7ej_TsYaB62dXOOCOqAWgUXUAO32Um4IEhsMyRWchA9M3gSZEFPTcqYE4WNJDGfL91jOIc:1oHSej:eYzgi1-cC0SUUSG7FAphen3w-xJXuOr2eMB9wp4ONBI", "expire_date": "2022-08-12T16:16:05.208Z"}}, {"model": "sessions.session", "pk": "3tyn8aa82n73z6xxtqfn7gdbx4gw4fea", "fields": {"session_data": ".eJxVjEsOwjAMBe-SNYpMqJOGJfueoXJshxZQIvWzQtydVuoCtjPz3tv0tC5Dv8469aOYq0Fz-mWJ-KllF_Kgcq-Wa1mmMdk9sYedbVdFX7ej_TsYaB62dXOOCOqAWgUXUAO32Um4IEhsMyRWchA9M3gSZEFPTcqYE4WNJDGfL91jOIc:1oIzpf:KgZbh_cCN_uQOO0uh3C9zEDI3vavTid4m_ACFfw6a9o", "expire_date": "2022-08-16T21:53:43.597Z"}}, {"model": "sessions.session", "pk": "5g2szxksj6spu7uixykvp7plblhso4tk", "fields": {"session_data": ".eJxVjEsOwjAMBe-SNYpMqJOGJfueoXJshxZQIvWzQtydVuoCtjPz3tv0tC5Dv8469aOYq0Fz-mWJ-KllF_Kgcq-Wa1mmMdk9sYedbVdFX7ej_TsYaB62dXOOCOqAWgUXUAO32Um4IEhsMyRWchA9M3gSZEFPTcqYE4WNJDGfL91jOIc:1oIbeG:4wa8D8PincNTT6wSS60XGS2LjsIAm0v2bCtfgOgWhkE", "expire_date": "2022-08-15T20:04:20.618Z"}}, {"model": "sessions.session", "pk": "61iffn990vzydbxdiq4zs8tp5kd1alfc", "fields": {"session_data": "eyJiYWciOnsiMyI6MX19:1oEctN:nJ-GEacs517btDy21uycKj-mwod8S59tmMlcwrwDYno", "expire_date": "2022-08-04T20:35:29.762Z"}}, {"model": "sessions.session", "pk": "6lbcu9eyn2esljsd9xfyb2xc1idfdh92", "fields": {"session_data": "e30:1oGP5f:OMv0u54wxgWMxFMdS02aaN2hEG99nxnFpG1-9Dcv_PQ", "expire_date": "2022-08-09T18:15:31.936Z"}}, {"model": "sessions.session", "pk": "6ngs59c751gt0xljzmh5pusezw7c3dgo", "fields": {"session_data": "eyJiYWciOnsiMSI6MX19:1oDmf9:3W1P7BCmdjc4g73FpVanU1rRXb2nEJRLrXC9uPAch8A", "expire_date": "2022-08-02T12:49:19.358Z"}}, {"model": "sessions.session", "pk": "6pyrk67z3e5s0yjur7pwc7f7jb8exqz6", "fields": {"session_data": ".eJxVjE0OgjAYBe_StWkKtaV16Z4zNN-voAYSCivj3ZWEhW7fzLyXKbCtQ9mqLGVkczGNOf1uCPSQaQd8h-k2W5qndRnR7oo9aLX9zPK8Hu7fwQB1-NZtgAQcyAfAxmkXvMPcSkaKhJEDk2tYvCR1ic5dVo0RXFD1ijFlb94f_Bg4mg:1oDOJu:q90amdXKgtIMZGXrC43vdnFJQkaFWzmoXxf3TRHhoYA", "expire_date": "2022-08-01T10:49:46.132Z"}}, {"model": "sessions.session", "pk": "75kb2ycrisvtaza07nkmwzroi8w3y7ej", "fields": {"session_data": "eyJiYWciOnsiMyI6Mn19:1oEd7y:J_AD9obwqVZOqplRUqjE1X93fK-P3xiRWs48TzDwkqA", "expire_date": "2022-08-04T20:50:34.641Z"}}, {"model": "sessions.session", "pk": "770vjivr6phwec8mw5fc081069852lea", "fields": {"session_data": "eyJiYWciOnsiMyI6Mn19:1oGmuX:pHyYoVkuzp4Jmorr3KmzzhZpz7R6qod558HkGsHBSaY", "expire_date": "2022-08-10T19:41:37.833Z"}}, {"model": "sessions.session", "pk": "7mfulpocg6docbaj6jw1o19fax5gsp31", "fields": {"session_data": ".eJxVjEsOwjAMBe-SNYpMqJOGJfueoXJshxZQIvWzQtydVuoCtjPz3tv0tC5Dv8469aOYq0Fz-mWJ-KllF_Kgcq-Wa1mmMdk9sYedbVdFX7ej_TsYaB62dXOOCOqAWgUXUAO32Um4IEhsMyRWchA9M3gSZEFPTcqYE4WNJDGfL91jOIc:1oITxA:mWHUCQOL0AYz8loUY0YHhMaQZVd9g2HxaDwX04WGVW8", "expire_date": "2022-08-15T11:51:20.642Z"}}, {"model": "sessions.session", "pk": "8jge4x90oco55qhgykkjx8wzvccyezy4", "fields": {"session_data": "eyJiYWciOnsiMSI6N319:1oEY4N:GD_Lb3alXvUoi6vWYfwhypxUgSTmowKwrAY1hvgmsn0", "expire_date": "2022-08-04T15:26:31.418Z"}}, {"model": "sessions.session", "pk": "8lgiq6bx62pift6xwhmevfpgs960xiw8", "fields": {"session_data": ".eJxVjE0OgjAYBe_StWkKtaV16Z4zNN-voAYSCivj3ZWEhW7fzLyXKbCtQ9mqLGVkczGNOf1uCPSQaQd8h-k2W5qndRnR7oo9aLX9zPK8Hu7fwQB1-NZtgAQcyAfAxmkXvMPcSkaKhJEDk2tYvCR1ic5dVo0RXFD1ijFlb94f_Bg4mg:1oBhVK:7HJ7CsnKgnGW2WQ0sGIzcPk3fSLuXReRFmbkYfRig50", "expire_date": "2022-07-27T18:54:34.785Z"}}, {"model": "sessions.session", "pk": "8x1w6e85vu2i078w4ffqkj3p1axgus6z", "fields": {"session_data": ".eJxVjE0OgjAYBe_StWkKtaV16Z4zNN-voAYSCivj3ZWEhW7fzLyXKbCtQ9mqLGVkczGNOf1uCPSQaQd8h-k2W5qndRnR7oo9aLX9zPK8Hu7fwQB1-NZtgAQcyAfAxmkXvMPcSkaKhJEDk2tYvCR1ic5dVo0RXFD1ijFlb94f_Bg4mg:1o9Wiv:7GKOcbllc78UUOsMPHRRx0xVT-0-cobOcPEWdrXIMkc", "expire_date": "2022-07-21T18:59:37.420Z"}}, {"model": "sessions.session", "pk": "92g5ep06v3av7lbma41h41b8f5jxo84r", "fields": {"session_data": "eyJiYWciOnt9fQ:1oH9Oa:MmVd-CCpLixKgyTwq4lEQo8FXpjAUEYV5OrtnRCBZwQ", "expire_date": "2022-08-11T19:42:08.377Z"}}, {"model": "sessions.session", "pk": "945jyv13y5baqjtr2jcfa0lqq7y7a6j2", "fields": {"session_data": ".eJxVjkEOgyAURO_CuiFQCgLL7nsG8oH_1baBRLQb492riRu382ZeZmUNfhjGQpX5eVrwxgIs8xCWhlMYM_NMsksWIX2wHCC_ofSVp1rmaYz8qPCTNv6qGb_Ps3sRDNCGfX3XYCHrpDREKajTSkR3RxeTSdFknZOQGRVaEjY9OkdkDAhNpCga69QujdAzv-4Hvdy2P9bAQmo:1oEco3:FokXqboPo7GR_tJPFoJAi7bmC9m_ozObGT2QYrfHCeo", "expire_date": "2022-08-04T20:29:59.628Z"}}, {"model": "sessions.session", "pk": "97eyulezy8g9lgcdbjdubc4hvgwk6y2j", "fields": {"session_data": ".eJxVjDsOg0AMBe_iOlqZDWaBMn3OgOy1F0gikPhUiLsHJBramXlvA-EW6g2eUGf7Axpel65ZZ5uaXqEGghsTjl8bTqEfHtrRxXFYpl7cmbjLzu49qv1eV3s76HjujnWeVYTmkUtDH8hCLJPX8CTUqkwo0dhjVcSIBStFpYJzSZSEw0FEYf8DclQ8NQ:1oEsQ2:HVoV05Hk3lrX2qn3mSK5rn4KC852qL7QHpZVgr7rA64", "expire_date": "2022-08-05T13:10:14.498Z"}}, {"model": "sessions.session", "pk": "9cdwgjo44deisnixqdip19zlf0qnmab6", "fields": {"session_data": ".eJxVjjsOgzAQRO_iOrJsHBubMn3OgPbjBZIIJAwV4u4BiSJp5808zaZaWJe-XUue24FVo6y6_WYI9M7jCfgFYzdpmsZlHlCfFX3Rop8T58_j6v4Jeij9sa48RGBPzgNaI7V3BlOVE1IgDOyZjOXschQT6V4nkRDAeBEnGGJyhxShU812HGzsvn8BLLY8Rg:1oEAmj:aqibsN9m1eWcsICJEJEFkU-A2aYQQ-T58iX4eRCwHms", "expire_date": "2022-08-03T14:34:45.977Z"}}, {"model": "sessions.session", "pk": "9twkp53aekfkjqbk7mib1fcyg18uyhn9", "fields": {"session_data": ".eJxVjE0OgjAYBe_StWkKtaV16Z4zNN-voAYSCivj3ZWEhW7fzLyXKbCtQ9mqLGVkczGNOf1uCPSQaQd8h-k2W5qndRnR7oo9aLX9zPK8Hu7fwQB1-NZtgAQcyAfAxmkXvMPcSkaKhJEDk2tYvCR1ic5dVo0RXFD1ijFlb94f_Bg4mg:1o6s1L:huz4e1gOrN7Nu7p8cw2MXBQ_FCKiSDcHCTUIvHld0pg", "expire_date": "2022-07-14T11:07:39.320Z"}}, {"model": "sessions.session", "pk": "ab3pq48t07z8wbd8ft1nbm3l58qssyjo", "fields": {"session_data": "eyJiYWciOnsiMiI6MX19:1oEXmr:RsS-EANarvBnWrr6Huyt96W890cNrIsszz7f9uYPLGA", "expire_date": "2022-08-04T15:08:25.292Z"}}, {"model": "sessions.session", "pk": "abkisbiblba52047bw6iu4wvi8icwaf9", "fields": {"session_data": ".eJxVjEsOwjAMBe-SNYpMqJOGJfueoXJshxZQIvWzQtydVuoCtjPz3tv0tC5Dv8469aOYq0Fz-mWJ-KllF_Kgcq-Wa1mmMdk9sYedbVdFX7ej_TsYaB62dXOOCOqAWgUXUAO32Um4IEhsMyRWchA9M3gSZEFPTcqYE4WNJDGfL91jOIc:1oIxuQ:iu6ssuBQ_SYg8XLsOVE8pveAM9bgDa7muLOZau_iRQU", "expire_date": "2022-08-16T19:50:30.538Z"}}, {"model": "sessions.session", "pk": "alchvnc3i5et9tvlorywxrdx1jwrswu4", "fields": {"session_data": ".eJxVjE0OgjAYBe_StWkKtaV16Z4zNN-voAYSCivj3ZWEhW7fzLyXKbCtQ9mqLGVkczGNOf1uCPSQaQd8h-k2W5qndRnR7oo9aLX9zPK8Hu7fwQB1-NZtgAQcyAfAxmkXvMPcSkaKhJEDk2tYvCR1ic5dVo0RXFD1ijFlb94f_Bg4mg:1oAr0p:gNmXH63d-N2Xk40lcB6GQHn7S1eGnYlik5InewFxzvw", "expire_date": "2022-07-25T10:51:35.799Z"}}, {"model": "sessions.session", "pk": "b76kp09kols5zcy82mrtatyoptqy745k", "fields": {"session_data": ".eJxVjE0OgjAYBe_StWkKtaV16Z4zNN-voAYSCivj3ZWEhW7fzLyXKbCtQ9mqLGVkczGNOf1uCPSQaQd8h-k2W5qndRnR7oo9aLX9zPK8Hu7fwQB1-NZtgAQcyAfAxmkXvMPcSkaKhJEDk2tYvCR1ic5dVo0RXFD1ijFlb94f_Bg4mg:1o9ADV:RHgiecwk1EoPeXh8YtdrfXiIo-0SJidOxWTrCzBi1Ig", "expire_date": "2022-07-20T18:57:41.908Z"}}, {"model": "sessions.session", "pk": "c09zfepuege1aq1yefzeq86qtaj8tdqp", "fields": {"session_data": "e30:1oH2Wd:8TX9dtB29pImt3XgTD7Tfk7S-GA2QmYu5n6h1yD2l_Q", "expire_date": "2022-08-11T12:21:59.895Z"}}, {"model": "sessions.session", "pk": "c44othvuuhh6t95tajtqgvnl4k3l4olp", "fields": {"session_data": "e30:1oEptx:urhVVRtxYWBRaFiKDL5ZQirOsW0_tAJ_70GWgjrPAjQ", "expire_date": "2022-08-05T10:28:57.707Z"}}, {"model": "sessions.session", "pk": "c9v67gabcwirty657bziy1338hfnmro1", "fields": {"session_data": ".eJxVjE0OgjAYBe_StWkKtaV16Z4zNN-voAYSCivj3ZWEhW7fzLyXKbCtQ9mqLGVkczGNOf1uCPSQaQd8h-k2W5qndRnR7oo9aLX9zPK8Hu7fwQB1-NZtgAQcyAfAxmkXvMPcSkaKhJEDk2tYvCR1ic5dVo0RXFD1ijFlb94f_Bg4mg:1oEGoh:x2b89puEJ-NPU9TpLHnFvSXOESvvXCZk7Uz6PGwo3TU", "expire_date": "2022-08-03T21:01:11.418Z"}}, {"model": "sessions.session", "pk": "ccs11ppojrojzd4vs1hr2l5n3aa9bes3", "fields": {"session_data": "eyJiYWciOnsiMyI6MX19:1oEctN:nJ-GEacs517btDy21uycKj-mwod8S59tmMlcwrwDYno", "expire_date": "2022-08-04T20:35:29.193Z"}}, {"model": "sessions.session", "pk": "djd0ucykzk3zeexkgbwt43xgrgedre3a", "fields": {"session_data": ".eJxVjLkOgzAQRP9la8uycXyW6fkGtOsDSCKQOCrEvwcQDc1oNG9mNiBsIWygIUgG6lIDQTGwECwDefnqyOXOoMF16Zp1zlPTJwgHfWSE8ZuHE6QPDu3I4zgsU0_8rPCbzrweU_697-7joMO5O9aVRodJR6WRpChWK0G-yp6iiWSSTlHIlFV2Rbj4sr4UY1DoUlQh47yC_Q8MU0HP:1oDT7a:0bgvf_L5QuvZXJp3GofAyHrWMo4k74JhKDJFO_ZwQnc", "expire_date": "2022-08-01T15:57:22.794Z"}}, {"model": "sessions.session", "pk": "dyxm3z3pznk2g15rd3nnx8j5ezofxvlk", "fields": {"session_data": ".eJxVjEEOwiAQRe_C2hDGoYAu3XuGZmAGqRpISrsy3l2bdKHb_977LzXSupRx7TKPE6uzQnX43SKlh9QN8J3qrenU6jJPUW-K3mnX18byvOzu30GhXr51OoFPTkxiRkQChxICOJuR6AhRwNjgCHHwQmyzCRwgZkeQg6dkBvX-AOMSN_I:1oDot5:uF5D_N8AWvj8-JKWQ8ZEeotE5eJnrFTiNvkm7zbWAKA", "expire_date": "2022-08-02T15:11:51.963Z"}}, {"model": "sessions.session", "pk": "enns86vn3g1getzh4hp2h8qwtw0c8czw", "fields": {"session_data": ".eJxVjDEOgzAMRe-SuYpMiklg7N4zIMd2gLYCicCEuHtBYmjX997_m2lpXfp2zTq3g5jGoLn9skj81vEU8qKxmyxP4zIP0Z6JvWy2z0n087jav4Oecn-sy6JGUAcUFJxH9RySE39HkDokiKzkoK6YoSJBFqyojAlTJH-QeJ5G6kyzmWCaYt-_DSE8Og:1oG2Qg:F06buWRwubIf1t4bMFbmUIvYg5e4fqFZ8IlGGaNRa3A", "expire_date": "2022-08-08T18:03:42.405Z"}}, {"model": "sessions.session", "pk": "fs61kz77a5xa2ze9ahstcbg5hnnrfo1y", "fields": {"session_data": ".eJxVjDsOgzAQBe-ydWTZcWxsyvQ5A9qPF0gikPhUiLsnSDS0b2beBoQt1Bt4qN1-gwbXpWvWuUxNL1CDg8tGyJ8yHEDeOLSj4XFYpp7MoZiTzuY1Svk-T_dy0OHc_et7wIQS2AckZ7UK3lK-l0wcmaIEYeuk-JLUJn5UWTVGtEHVK8WUPew_kQk8SA:1oEDwc:zOq7zoBRCPPzNL9i7oCt5N15qMtCBhct3fs4lU0MRDw", "expire_date": "2022-08-03T17:57:10.811Z"}}, {"model": "sessions.session", "pk": "gnl0oqgicc1h09ft1q5coqejou5ibpqv", "fields": {"session_data": ".eJxVjEsOwjAMBe-SNYpMqJOGJfueoXJshxZQIvWzQtydVuoCtjPz3tv0tC5Dv8469aOYq0Fz-mWJ-KllF_Kgcq-Wa1mmMdk9sYedbVdFX7ej_TsYaB62dXOOCOqAWgUXUAO32Um4IEhsMyRWchA9M3gSZEFPTcqYE4WNJDGfL91jOIc:1oHU0q:MLus7y91cbo9M8AmKfPErbPXDDZ5XnN3EM7IwdBrtms", "expire_date": "2022-08-12T17:43:00.331Z"}}, {"model": "sessions.session", "pk": "gpj9jd96a3twowqs0flmkjht192mzj8u", "fields": {"session_data": ".eJxVjE0OwiAYBe_C2hAo8ufSfc9AHvAhVUOT0q6Md9cmXej2zcx7sYBtrWHrtIQpsws7s9PvFpEe1HaQ72i3mae5rcsU-a7wg3Y-zpme18P9O6jo9VsbUSQGD-MBgofWcNkUASgLpYu00oKiJCezNqqoGF1SOTkvShm0Yu8P_nE4iw:1oEsox:7Mh1dav_YVvRE9oWAsnS3bQmB3dPIZQCJPM2d5o-2AA", "expire_date": "2022-08-05T13:35:59.936Z"}}, {"model": "sessions.session", "pk": "hf11tmw84bxrbrkqukvs1frvr03xr2s6", "fields": {"session_data": "eyJzYXZlX2luZm8iOmZhbHNlfQ:1oEdfw:8JVk1ROMzQXEQ1z5tNIamm_2P0Un22zG2NxzNxUFLwI", "expire_date": "2022-08-04T21:25:40.364Z"}}, {"model": "sessions.session", "pk": "hivhbwwfoa1dh0ncc0x3l4ruxwoxx4na", "fields": {"session_data": ".eJxVjE0OgjAYBe_StWkKtaV16Z4zNN-voAYSCivj3ZWEhW7fzLyXKbCtQ9mqLGVkczGNOf1uCPSQaQd8h-k2W5qndRnR7oo9aLX9zPK8Hu7fwQB1-NZtgAQcyAfAxmkXvMPcSkaKhJEDk2tYvCR1ic5dVo0RXFD1ijFlb94f_Bg4mg:1oBJLq:gqI1Xd_Nk2-lmVIqFWoAHPZl4cxkdL4ZT9bbf2ROzAY", "expire_date": "2022-07-26T17:07:10.187Z"}}, {"model": "sessions.session", "pk": "hmqnz4rvnxdvqi5pvj5w0a4gw2q6w3sp", "fields": {"session_data": ".eJxVjE0OgjAYBe_StWkKtaV16Z4zNN-voAYSCivj3ZWEhW7fzLyXKbCtQ9mqLGVkczGNOf1uCPSQaQd8h-k2W5qndRnR7oo9aLX9zPK8Hu7fwQB1-NZtgAQcyAfAxmkXvMPcSkaKhJEDk2tYvCR1ic5dVo0RXFD1ijFlb94f_Bg4mg:1oC31t:c02VPD5tsKfrm1r4zhKa1koGnptHAXdkKN-sFLsoYFU", "expire_date": "2022-07-28T17:53:37.193Z"}}, {"model": "sessions.session", "pk": "hmwhfa98fbiusg8t1kunhbz0gdp42mhl", "fields": {"session_data": ".eJxVjDsOgzAQBe-ydWQZHBubMj1nQPvxAkkEEp8KcfcEiYb2zczbgbCDegcHtT8e0OK29u225LkdBGoo4LYR8iePJ5A3jt1keBrXeSBzKuaii2kmyd_X5d4Oelz6f116jCienUcqrFbeWUplTsSBKYgXtoVkl6PayM8qqYaA1qs6pRCTg-MHk708TA:1oEXUt:iJuVPQXugDbEDwJStTi1IyrVtMzJ7Y_s1Lr1hEWNgw0", "expire_date": "2022-08-04T14:49:51.876Z"}}, {"model": "sessions.session", "pk": "j475qde8f26krqs70zbth7nizq8v6epk", "fields": {"session_data": ".eJxVjE0OgjAYBe_StWkKtaV16Z4zNN-voAYSCivj3ZWEhW7fzLyXKbCtQ9mqLGVkczGNOf1uCPSQaQd8h-k2W5qndRnR7oo9aLX9zPK8Hu7fwQB1-NZtgAQcyAfAxmkXvMPcSkaKhJEDk2tYvCR1ic5dVo0RXFD1ijFlb94f_Bg4mg:1oEGoh:x2b89puEJ-NPU9TpLHnFvSXOESvvXCZk7Uz6PGwo3TU", "expire_date": "2022-08-03T21:01:11.554Z"}}, {"model": "sessions.session", "pk": "jgl9abpj0euk9vi3ltc6f0nmdm9z4olr", "fields": {"session_data": ".eJxVjE0OgjAYBe_StWkKtaV16Z4zNN-voAYSCivj3ZWEhW7fzLyXKbCtQ9mqLGVkczGNOf1uCPSQaQd8h-k2W5qndRnR7oo9aLX9zPK8Hu7fwQB1-NZtgAQcyAfAxmkXvMPcSkaKhJEDk2tYvCR1ic5dVo0RXFD1ijFlb94f_Bg4mg:1oCOUj:4ulf4X400cuKv9fJcZybuM2OZX4KPWAHf7xvQDCO04g", "expire_date": "2022-07-29T16:48:49.933Z"}}, {"model": "sessions.session", "pk": "mue9mux21w5qecb7s80y9pcrgjex794y", "fields": {"session_data": ".eJxVjEsOwjAMBe-SNYpMqJOGJfueoXJshxZQIvWzQtydVuoCtjPz3tv0tC5Dv8469aOYq0Fz-mWJ-KllF_Kgcq-Wa1mmMdk9sYedbVdFX7ej_TsYaB62dXOOCOqAWgUXUAO32Um4IEhsMyRWchA9M3gSZEFPTcqYE4WNJDGfL91jOIc:1oH2Ew:DvhVo1CpJ214H-Es2vxjc8HpS6oyiWbSoeipoHcx8BE", "expire_date": "2022-08-11T12:03:42.547Z"}}, {"model": "sessions.session", "pk": "p5c4wuywfhwuv2hihk64y4wu6naajz1w", "fields": {"session_data": ".eJxVjEEOwiAUBe_C2pBShEKX7j0DecDHVg0k0Lox3t026UK3b-bNmzmsy-TWRtXNkY3szE6_m0d4UN5BvCPfCg8lL3X2fFf4QRu_lkjPy-H-BSa0aXvrLgn0FtoCBAulYKJOHSAHSJXEIAaQF2REVFom6b0JMgZju5R6Jbdow4vcnFNh41JX-nwB8jk-rw:1oEseh:vyVONXenUwDtjF1WpGAPd_KsffH0h5rkh4JYYBvHQyA", "expire_date": "2022-08-05T13:25:23.273Z"}}, {"model": "sessions.session", "pk": "pkvp9gd8kdt3xn0z01n7suuf0fatw0qx", "fields": {"session_data": ".eJxVjDkOgzAQRe8ydWTZODY2ZfqcAc3igSwCiaVC3D1BoqH9772_AWEHzQYVNG6_QYvr0rfrXKb2JdCAg8tGyJ8yHEDeOHSj4XFYpheZQzEnnc1zlPJ9nO7loMe5_9dVwIQS2AckZ7UO3lKuSiaOTFGCsHVSfElqE9_rrBoj2qDqlWLKHvYfkFk8Rw:1oEGoh:ds-A7GGFVx-GNZfdaoLTJ768Ej4nNI9zgbIOAu0mLiQ", "expire_date": "2022-08-03T21:01:11.221Z"}}, {"model": "sessions.session", "pk": "pqp2nx6ahzpbywan6iza82yk21jvixa3", "fields": {"session_data": ".eJxVjEsOwjAMBe-SNYpMqJOGJfueoXJshxZQIvWzQtydVuoCtjPz3tv0tC5Dv8469aOYq0Fz-mWJ-KllF_Kgcq-Wa1mmMdk9sYedbVdFX7ej_TsYaB62dXOOCOqAWgUXUAO32Um4IEhsMyRWchA9M3gSZEFPTcqYE4WNJDGfL91jOIc:1oHUOO:yTruSKWDc97xk1fIpRwMgKNoHajp-uc_SVSeh46DWrU", "expire_date": "2022-08-12T18:07:20.686Z"}}, {"model": "sessions.session", "pk": "q4glmdsxd77xhl2300aaleu7i2dlzuzs", "fields": {"session_data": "e30:1oH2Wv:192PM392s5HVVEoBW32NBbvJeGP9jZZSpY7qtBazSD0", "expire_date": "2022-08-11T12:22:17.551Z"}}, {"model": "sessions.session", "pk": "r7baxq0zmfuww8xqa4zkokgaiw483vz0", "fields": {"session_data": ".eJxVjDEOwjAMRe-SGUUm1E3LyM4ZIsd2aAElUtOyIO5OK3WA9b33_9sEWuYhLFWnMIo5GzSHXxaJH5o3IXfKt2K55Hkao90Su9tqr0X0ednbv4OB6rCum2OPoA6oU3Ae1XOXnPgTgvRdgshKDvqWGVoSZMGWmpgwRfIridtppZeGMadizvO06OcL0Oc-qw:1oJHsM:DLhhrkvQrggpReQPoD_PXJtgJzlydtHg3F1QH8SvHgA", "expire_date": "2022-08-17T17:09:42.192Z"}}, {"model": "sessions.session", "pk": "ro487edri5gmdr119vonfj6vodxsywvc", "fields": {"session_data": ".eJxVjEEOwiAUBe_C2pBShEKX7j0DecDHVg0k0Lox3t026UK3b-bNmzmsy-TWRtXNkY3szE6_m0d4UN5BvCPfCg8lL3X2fFf4QRu_lkjPy-H-BSa0aXvrLgn0FtoCBAulYKJOHSAHSJXEIAaQF2REVFom6b0JMgZju5R6Jbdow4vcnFNh41JX-nwB8jk-rw:1oEsi4:GyEhQbNQ7aJl6u4BQIlJk8P67gMt_hSYhcj6qJroR_M", "expire_date": "2022-08-05T13:28:52.349Z"}}, {"model": "sessions.session", "pk": "ru69dnmeij1m7cma603k1gzq76khcwth", "fields": {"session_data": ".eJxVjEsOwjAMBe-SNYpMqJOGJfueoXJshxZQIvWzQtydVuoCtjPz3tv0tC5Dv8469aOYq0Fz-mWJ-KllF_Kgcq-Wa1mmMdk9sYedbVdFX7ej_TsYaB62dXOOCOqAWgUXUAO32Um4IEhsMyRWchA9M3gSZEFPTcqYE4WNJDGfL91jOIc:1oH2Xp:crzPpM7ne2qr2HAaO_Bfyi9KAP3lWqAyIsxU9qlKtoo", "expire_date": "2022-08-11T12:23:13.496Z"}}, {"model": "sessions.session", "pk": "sm23581v0gmfhm65zmucim7fgfjferxu", "fields": {"session_data": ".eJxVjDEOwjAMRe-SGUUm1E3LyM4ZIsd2aAElUtOyIO5OK3WA9b33_9sEWuYhLFWnMIo5GzSHXxaJH5o3IXfKt2K55Hkao90Su9tqr0X0ednbv4OB6rCum2OPoA6oU3Ae1XOXnPgTgvRdgshKDvqWGVoSZMGWmpgwRfIridtppZeGMadizvO06OcL0Oc-qw:1oErk5:tm3-kJ525PK8whe-xzPHDJ8UiSjEPAvn5nNUKEXmAbU", "expire_date": "2022-08-05T12:26:53.339Z"}}, {"model": "sessions.session", "pk": "unozrrfw5uzdr8b8lnxohpiobtkpawn2", "fields": {"session_data": ".eJxVjE0OgjAYBe_StWkKtaV16Z4zNN-voAYSCivj3ZWEhW7fzLyXKbCtQ9mqLGVkczGNOf1uCPSQaQd8h-k2W5qndRnR7oo9aLX9zPK8Hu7fwQB1-NZtgAQcyAfAxmkXvMPcSkaKhJEDk2tYvCR1ic5dVo0RXFD1ijFlb94f_Bg4mg:1oBwj2:AIC6bfK18_8mmtQHJOxakIriqNmKnVjMT-MMQNCxvsc", "expire_date": "2022-07-28T11:09:44.090Z"}}, {"model": "sessions.session", "pk": "v7g9ssyj7k9oqq0zs9gqdsty7q9at3sz", "fields": {"session_data": ".eJxVjE0OgjAYBe_StWkKtaV16Z4zNN-voAYSCivj3ZWEhW7fzLyXKbCtQ9mqLGVkczGNOf1uCPSQaQd8h-k2W5qndRnR7oo9aLX9zPK8Hu7fwQB1-NZtgAQcyAfAxmkXvMPcSkaKhJEDk2tYvCR1ic5dVo0RXFD1ijFlb94f_Bg4mg:1oC3N2:wIM4FtMa2jtiNEl2aMVLOdcDRmfaa5c61AzACvVboHU", "expire_date": "2022-07-28T18:15:28.754Z"}}, {"model": "sessions.session", "pk": "vd7u4zceiyw9zwcreg2smcsbhirlfpec", "fields": {"session_data": "eyJiYWciOnsiMiI6MSwiMyI6MTV9fQ:1oGmqJ:fGpPPs_6HKWjlkcf6o80DeU-GDKJYbe-s8WD9i528lw", "expire_date": "2022-08-10T19:37:15.817Z"}}, {"model": "sessions.session", "pk": "vgyxpa0j459u3lbejvziqa9w4rh1hfki", "fields": {"session_data": "eyJiYWciOnsiMiI6MX19:1oEFOE:CYQyk-r91jwhCviOIJqmrT4eJRQyKwC0gp-WkhxtQKI", "expire_date": "2022-08-03T19:29:46.046Z"}}, {"model": "sessions.session", "pk": "vo1pfuttriq34y2yryzt328aew8qzhwg", "fields": {"session_data": ".eJxVjDsOg0AMBe_iOlo5C2aBMn3OgOy1F0gikPhUiLsHJIqknZn3Nmh4XbpmnW1qeoUaCG6_TDi-bTiFvnhoRxfHYZl6cWfiLju756j2eVzt30HHc3es83tFaB65NPSBLMQyeQ0ZoVZlQonGHqsiRixYKSoVnEuiJBwOIuepcAv1BhnUYd-_DRU8Ow:1oGQK6:wQcVBafAuomVnH5UFrSj4h7xaJ_jeWnxpAXS_JcKhfs", "expire_date": "2022-08-09T19:34:30.191Z"}}, {"model": "sessions.session", "pk": "w6hq5it9cbt7coacncu24tese5e6vg16", "fields": {"session_data": ".eJxVjE0OgjAYBe_StWkKtaV16Z4zNN-voAYSCivj3ZWEhW7fzLyXKbCtQ9mqLGVkczGNOf1uCPSQaQd8h-k2W5qndRnR7oo9aLX9zPK8Hu7fwQB1-NZtgAQcyAfAxmkXvMPcSkaKhJEDk2tYvCR1ic5dVo0RXFD1ijFlb94f_Bg4mg:1o8OFv:f8BgZvxQti631nkgyS3t6HuLss-AoS9up2pTYoBtk3k", "expire_date": "2022-07-18T15:44:59.981Z"}}, {"model": "sessions.session", "pk": "wo3nvcsnx2womox82k16vngywoce2119", "fields": {"session_data": ".eJxVjDsOgzAQBe_iOrI2DouBMj1nQPszkEQg8akQdw9INLQz897mmFpXbfvDNbQuXbPONjW9usqhuzEm-dpwCv3Q0I5exmGZevZn4i87-3pU-72v9nbQ0dwd6-xZIlgAKgxCRItSpKDxhaBlkYDFKECZi0BOiqKYU8YJE1M8CKvb_8rRO1M:1oHQ67:ssxclWGjk-Fy8Zdb_0LSCnrsENkHmPZ_INRLz-f0j2U", "expire_date": "2022-08-12T13:32:11.683Z"}}, {"model": "sessions.session", "pk": "wxjwekgd97jcnau1klcza5mji92y241d", "fields": {"session_data": ".eJxVjEEOwiAUBe_C2pBShEKX7j0DecDHVg0k0Lox3t026UK3b-bNmzmsy-TWRtXNkY3szE6_m0d4UN5BvCPfCg8lL3X2fFf4QRu_lkjPy-H-BSa0aXvrLgn0FtoCBAulYKJOHSAHSJXEIAaQF2REVFom6b0JMgZju5R6Jbdow4vcnFNh41JX-nwB8jk-rw:1oExAo:2DzQn90LTy9lVKoKD8C0Ma1daCiRuei_NL1hmuNjFAk", "expire_date": "2022-08-05T18:14:50.194Z"}}, {"model": "sessions.session", "pk": "xa5ruqoj1a3jmtxcgpmuhywwhmok2joz", "fields": {"session_data": ".eJxVjEsOwjAMBe-SNYpMqJOGJfueoXJshxZQIvWzQtydVuoCtjPz3tv0tC5Dv8469aOYq0Fz-mWJ-KllF_Kgcq-Wa1mmMdk9sYedbVdFX7ej_TsYaB62dXOOCOqAWgUXUAO32Um4IEhsMyRWchA9M3gSZEFPTcqYE4WNJDGfL91jOIc:1oIT6N:uiaeQ1y2gYx-9pHHYy3DM56QRekT4d2CqtyTgWSNL88", "expire_date": "2022-08-15T10:56:47.222Z"}}, {"model": "sessions.session", "pk": "zek2rqkracspyy0y9ff0wnhdor05zbww", "fields": {"session_data": ".eJxVjEsOwjAMBe-SNYpMqJOGJfueoXJshxZQIvWzQtydVuoCtjPz3tv0tC5Dv8469aOYq0Fz-mWJ-KllF_Kgcq-Wa1mmMdk9sYedbVdFX7ej_TsYaB62dXOOCOqAWgUXUAO32Um4IEhsMyRWchA9M3gSZEFPTcqYE4WNJDGfL91jOIc:1oEsAF:HU9HDy2_3d3X5lRGkLBiMBzt_exSme1VopUjI2kmopg", "expire_date": "2022-08-05T12:53:55.755Z"}}, {"model": "sites.site", "pk": 1, "fields": {"domain": "example.com", "name": "example.com"}}, {"model": "contact.contact", "pk": 11, "fields": {"name": "Megan", "email": "nyhanmegan@gmail.com", "message": "Test"}}, {"model": "contact.contact", "pk": 12, "fields": {"name": "Megan", "email": "hdougan668@gmail.com", "message": "Test"}}, {"model": "contact.contact", "pk": 13, "fields": {"name": "", "email": "nyhanmegan@gmail.com", "message": "test toast"}}, {"model": "contact.contact", "pk": 14, "fields": {"name": "Megan", "email": "nyhanmegan@gmail.com", "message": "test"}}, {"model": "contact.contact", "pk": 15, "fields": {"name": "Megan", "email": "nyhanmegan@gmail.com", "message": "test"}}, {"model": "news.post", "pk": 4, "fields": {"title": "Achill Island Sea Salted Caramel Fudge Brownies", "title_tag": "Achill Island Sea Salted Caramel Fudge Brownies", "featured_image": "image/upload/v1658142356/xelhfdjwedugvbbl62is.jpg", "snippet": "We love this recipe, and it is a huge hit at the Salt Dock Coffee here at Achill Island Sea Salt. The fudge is added to the brownie mix and scattered on top so it's fudgey, caramelly, sweet and salty - what more could you want?", "author": 1, "category": "Recipes", "body": "<h1>Ingredients </h1>\r\n<br/>\r\n<li>175g dark chocolate</li>\r\n<li>125g butter, cubed </li>\r\n<li>100g castor sugar</li>\r\n<li>50g light, soft brown sugar</li>\r\n<li>2 eggs</li>\r\n<li>1 tsp vanilla extract </li>\r\n<li>100g plain flour</li>\r\n<li>1/2 tsp of baking powder</li>\r\n<li><strong>Pinch of Achill Island Sea Salt</strong> </li>\r\n<li>60g Achill Island Sea Salted Caramel Fudge, chopped, plus some for decorating. </li>\r\n<br/>\r\n<h1>Method </h1>\r\n<br/>\r\n<ol>\r\n<li>Preheat oven to 170C.</li>\r\n<li>Grease and line a 9 inch square baking tray.</li>\r\n<li>Melt the chocolate and butter in a heatproof glass bowl over a pit of simmering water, making sure the bowl does not touch the water below. Stir until smooth and combined and set aside to cool. </li>\r\n<li>In a separate bowl, whisk the eggs, sugar and vanilla until it is light and foamy. </li>\r\n<li>Sift in the flour, baking powder and salt and fold through until it is all combined. </li>\r\n<li>Add in the melted chocolate and chopped fudge and fold through until it is well mixed. </li>\r\n<li>Pour into the baking tray and bake in the oven for 18-20 mins. </li>\r\n<li>Remove from oven and cool on a wire rack. </li>\r\n<li>Scatter the rest of the chopped fudge over and enjoy. </li>\r\n</ol>", "post_date": "2022-07-14"}}, {"model": "news.post", "pk": 5, "fields": {"title": "Pickled Cucumbers", "title_tag": "Pickled veg are a great way to add flavour to things like salads and sandwiches and these pickled cucumbers are so quick and easy to do that we always have a jar of them in our fridge in the summer.", "featured_image": "image/upload/v1659101530/ncymgewwszkaqhpnfbct.jpg", "snippet": "Pickled veg are a great way to add flavour to things like salads and sandwiches and these pickled cucumbers are so quick and easy to do that we always have a jar of them in our fridge in the summer.", "author": 5, "category": "Recipe", "body": "<h1> Ingredients </h1>\r\n\r\n<ul>\r\n<li> 1 cucumber finely sliced </li>\r\n<li> <strong>1 tbsp of Achill Island Sea Salt,</strong> plus extra for the cucumbers  </li>\r\n<li> 50g castor sugar </li>\r\n<li> 200ml of Apple Cider Vinegar </li>\r\n<li> 10 fennel seeds  </li>\r\n<li> Pinch of Chilli flakes  </li>\r\n</ul>\r\n\r\n<h1> Method </h1>\r\n<ol>\r\n<li> Add the finely sliced cucumbers to a bowl and sprinkle with a generous pinch of sea salt and toss. Leave for 10 mins, then rinse and drain.  </li>\r\n<li> In a heavy based saucepan add the vinegar, sugar, sea salt and spices and bring to a simmer until the salt and sugar has dissolved, remove from heat.  </li>\r\n<li> Add the cucumbers to a sterilised jar and pour over the cooled vinegar. </li>\r\n<li> Seal and leave to cool before placing in the fridge. Once open these will keep for about 1-2 weeks.  </li>\r\n</ol>", "post_date": "2022-07-29"}}, {"model": "news.post", "pk": 6, "fields": {"title": "Crispy Chickpeas", "title_tag": "This is our favourite way to cook chickpeas and we make them at least once a week. They are great in a wrap with chopped tomatoes, avocado and pickled red onions, or on toast with red pesto. So good!!", "featured_image": "image/upload/v1659101438/hlx53oukhjj25cmbvqxo.jpg", "snippet": "This is our favourite way to cook chickpeas and we make them at least once a week. They are great in a wrap with chopped tomatoes, avocado and pickled red onions, or on toast with red pesto. So good!!", "author": 5, "category": "Food", "body": "<h1> Crispy Chickpeas </h1>\r\n<h1> Ingredients </h1>\r\n<ul>\r\n<li> 1 can of chickpeas </li>\r\n<li> 1/2 tsp of smoked paprika </li>\r\n<li> 1/4 tsp cumin </li>\r\n<li> 1/4 tsp of garlic granules </li>\r\n<li> Pinch of chilli flakes (optional) </li>\r\n<li><strong>1 tsp of Achill Island Salt Flakes - Natural or Smoked</strong> </li>\r\n<li> 1 Tbsp of Olive Oil </li>\r\n</ul>\r\n<br>\r\n<h1> Method </h1>\r\n<ol>\r\n<li> Preheat the oven to 200C  </li>\r\n<li> Drain and rinse the chickpeas and spread them out on a tea towel and pat dry - you want them to be as dry as possible so they will be extra crispy. If you have time you can do this a couple of hours before hand.  </li>\r\n<li> Place the dried chickpeas in an oven proof dish and add the spices, sea salt and olive oil and toss. \r\n </li>\r\n<li> Place in the oven for 15-20 mins until the chickpeas are golden and crispy.  </li>\r\n</ol>", "post_date": "2022-07-29"}}, {"model": "members.userprofile", "pk": 1, "fields": {"user": 4, "default_email": null, "default_phone_number": "1234567890", "default_street_address1": "Drumbern", "default_street_address2": "anywhere", "default_town_or_city": "Milford", "default_county": "Co.Donegal", "default_country": "Ireland", "default_postcode": "F92 PF63"}}, {"model": "members.userprofile", "pk": 2, "fields": {"user": 5, "default_email": null, "default_phone_number": "1234567890", "default_street_address1": "Drumbern", "default_street_address2": "anywhere", "default_town_or_city": "Milford", "default_county": "Co.Donegal", "default_country": "Ireland", "default_postcode": "F92 PF63"}}, {"model": "home.introduction", "pk": 1, "fields": {"head": "Welcome to Deegagh Sea Salt", "body": "Here at Deegagh Sea Salt we aim to bring you the very best of what Irish Sea Salt have to offer,\r\nstraight to your doorstep!"}}, {"model": "products.category", "pk": 1, "fields": {"name": "plain_salt", "friendly_name": "Plain Salt"}}, {"model": "products.category", "pk": 2, "fields": {"name": "flavoured_salt", "friendly_name": "Flavoured Salt"}}, {"model": "products.category", "pk": 3, "fields": {"name": "himalayan_salt", "friendly_name": "Himalayan Salt"}}, {"model": "products.product", "pk": 1, "fields": {"category": 1, "sku": "pp5001340155", "name": "Achill Island Sea Salt", "description": "Pure Irish sea salt harvested from the wild Atlantic waters of Achill Island. Its soft and flaky texture creates an intensity of flavour that will enhance any dish.", "size": "75G", "price": "4.00", "rating": "4.60", "image": "image/upload/v1658141430/eysbsmsemdy1lzjmdrwj.png"}}, {"model": "products.product", "pk": 2, "fields": {"category": 2, "sku": "pp5001340156", "name": "Achill Island Seaweed Salt", "description": "Achill Island Seaweed Salt is a mix of our pure white natural sea salt flakes (75%)  and Atlantic Wakame (Alaria esculenta) (25%) which is hand harvested by the Connemara Seaweed Company.This unique fusion of sea salt and seaweed will give an exceptional umami flavour to any dish.  We love it sprinkled over roast potatoes or veg, over soups and salads or in baking, such as breads and savoury scones. Its also great roasted with nuts and seeds for a little savoury snack.", "size": "50G", "price": "4.75", "rating": "4.90", "image": "image/upload/v1658141689/ooagw8tyo2ihml4lb7mg.jpg"}}, {"model": "products.product", "pk": 3, "fields": {"category": 2, "sku": "pp5001340157", "name": "Achill Island Smoked Sea Salt", "description": "Our Achill Island Smoked Sea Salt is hot-smoked with beech and oak and will bring the taste of a BBQ grill and Achill Island to some of your favourite dishes.", "size": "75G", "price": "4.50", "rating": "3.00", "image": "image/upload/v1658141799/bq4h1axpcqy39ni4gcie.png"}}, {"model": "products.product", "pk": 4, "fields": {"category": 1, "sku": "pp5001340158", "name": "Blackthorn Scotland Sea Salt", "description": "At Blackthorn, we use 100% west coast sea water and nothing else. There are no illusions: no adding, no seeding, no bleaching, just pure Scottish sea salt. When you taste Blackthorn Salt you taste nature  the sea, the winds and the thorns.", "size": "75G", "price": "4.00", "rating": "4.60", "image": "image/upload/v1658141856/bidvimussax6murmhkz1.jpg"}}, {"model": "products.product", "pk": 5, "fields": {"category": 2, "sku": "pp5001340159", "name": "Orsay Sea Salt", "description": "Original Orsay Sea Salt flakes blended with Scarabus Whisky, hot smoked slowly over whisky oak. The subtle whisky enhancement and the deep smokey flavour is brought to life when served over warm culinary dishes. Our natural Sea Salt flakes are harvested from the rapid waters off the coast of Orsay, a wee Island on the Isle of Islay. Fresh, clean and clear, a true taste of the Hebrides. Our Sea Salt comes packaged in a reusable and recyclable 85g glass jar, perfect for everyday home use.", "size": "75G", "price": "13.99", "rating": "4.00", "image": "image/upload/v1658142248/a7oif2dwqub5wpkeu6hh.jpg"}}, {"model": "products.product", "pk": 6, "fields": {"category": 1, "sku": "pp5001340160", "name": "Halen Mon Pure Sea Salt", "description": "Our new design branded ceramic  jar is the perfect container for our famous flakes. Keep it by the cooker or on the table and refill with our pouches. 100g of our Pure White Sea Salt is included with this purchase.", "size": "75G", "price": "16.25", "rating": "4.60", "image": "image/upload/v1658141955/mmrt66tidogerijjdys8.jpg"}}, {"model": "products.product", "pk": 7, "fields": {"category": 2, "sku": "pp5001340161", "name": "Ardnahoe Malted Barley Smoked Sea Salt", "description": "Original Orsay Sea Salt flakes hot smoked slowly over peated barley to create a unique creamy flavour. The subtle peatiness and underlying malt tones will transport your senses to Ardnahoes front door. Our natural Sea Salt flakes are harvested from the rapid waters off the coast of Orsay, a wee Island on the Isle of Islay. Fresh, clean and clear, a true taste of the Hebrides. Our Sea Salt comes packaged in a reusable and recyclable 85g glass jar, perfect for everyday home use.", "size": "85g", "price": "8.99", "rating": "4.60", "image": "image/upload/v1658142018/iojugrna53jxju1xkuye.jpg"}}, {"model": "checkout.order", "pk": 8, "fields": {"order_number": "9F24003D7D324AF2B0020D9BAA9B68FF", "user_profile": null, "full_name": "Megan Nyhan", "email": "nyhanmegan@gmail.com", "phone_number": "1234567890", "country": "Ireland", "postcode": "F92 PF63", "town_or_city": "Milford", "street_address1": "Drumbern", "street_address2": "anywhere", "county": "Co.Donegal", "date": "2022-07-21T15:43:13.424Z", "delivery_cost": "0.00", "order_total": "20.00", "grand_total": "20.00"}}, {"model": "checkout.order", "pk": 9, "fields": {"order_number": "5D2BA1AEAA51453B9DA1C52C391BF443", "user_profile": null, "full_name": "Megan Nyhan", "email": "nyhanmegan@gmail.com", "phone_number": "1234567890", "country": "Ireland", "postcode": "F92 PF63", "town_or_city": "Milford", "street_address1": "Drumbern", "street_address2": "anywhere", "county": "Co.Donegal", "date": "2022-07-21T17:15:46.935Z", "delivery_cost": "1.60", "order_total": "8.00", "grand_total": "9.60"}}, {"model": "checkout.order", "pk": 10, "fields": {"order_number": "535CA8B2A17A452DA509ED450B552C44", "user_profile": null, "full_name": "Megan Nyhan", "email": "nyhanmegan@gmail.com", "phone_number": "1234567890", "country": "Ireland", "postcode": "F92 PF63", "town_or_city": "Milford", "street_address1": "Drumbern", "street_address2": "anywhere", "county": "Co.Donegal", "date": "2022-07-21T17:54:44.094Z", "delivery_cost": "0.90", "order_total": "4.50", "grand_total": "5.40"}}, {"model": "checkout.order", "pk": 11, "fields": {"order_number": "774DE46BEA84457BB57CC38024B0ADD8", "user_profile": null, "full_name": "Megan Nyhan", "email": "nyhanmegan@gmail.com", "phone_number": "1234567890", "country": "Ireland", "postcode": "F92 PF63", "town_or_city": "Milford", "street_address1": "Drumbern", "street_address2": "anywhere", "county": "Co.Donegal", "date": "2022-07-21T21:25:39.269Z", "delivery_cost": "0.90", "order_total": "4.50", "grand_total": "5.40"}}, {"model": "checkout.order", "pk": 12, "fields": {"order_number": "F67754DE4DC84730A8A40E84FEEE8E84", "user_profile": null, "full_name": "Megan Nyhan", "email": "nyhanmegan@gmail.com", "phone_number": "1234567890", "country": "Ireland", "postcode": "F92 PF63", "town_or_city": "Milford", "street_address1": "Drumbern", "street_address2": "anywhere", "county": "Co.Donegal", "date": "2022-07-22T11:01:50.140Z", "delivery_cost": "1.60", "order_total": "8.00", "grand_total": "9.60"}}, {"model": "checkout.order", "pk": 13, "fields": {"order_number": "0AD01A35E29742A6A965E5F1BC7678EC", "user_profile": 2, "full_name": "Megan Nyhan", "email": "nyhanmegan@gmail.com", "phone_number": "1234567890", "country": "Ireland", "postcode": "F92 PF63", "town_or_city": "Milford", "street_address1": "Drumbern", "street_address2": "anywhere", "county": "Co.Donegal", "date": "2022-07-22T12:25:13.616Z", "delivery_cost": "0.80", "order_total": "4.00", "grand_total": "4.80"}}, {"model": "checkout.order", "pk": 14, "fields": {"order_number": "54FE6A5195714B39A027C744855D48FC", "user_profile": 1, "full_name": "Megan Nyhan", "email": "nyhanmegan@gmail.com", "phone_number": "1234567890", "country": "Ireland", "postcode": "F92 PF63", "town_or_city": "Milford", "street_address1": "Drumbern", "street_address2": "anyherhei", "county": "Co.Donegal", "date": "2022-07-22T13:25:22.802Z", "delivery_cost": "0.80", "order_total": "4.00", "grand_total": "4.80"}}, {"model": "checkout.order", "pk": 15, "fields": {"order_number": "EDAFAF0E65DB4E7CA59F50122D214984", "user_profile": 1, "full_name": "Megan Nyhan", "email": "nyhanmegan@gmail.com", "phone_number": "1234567890", "country": "Ireland", "postcode": "F92 PF63", "town_or_city": "Milford", "street_address1": "Drumbern", "street_address2": "hi", "county": "Co.Donegal", "date": "2022-07-22T13:28:51.881Z", "delivery_cost": "1.60", "order_total": "8.00", "grand_total": "9.60"}}, {"model": "checkout.order", "pk": 16, "fields": {"order_number": "167963885E9745C2B937DE9DA1824777", "user_profile": 1, "full_name": "Testing email", "email": "nyhanmegan@gmail.com", "phone_number": "1234567890", "country": "Ireland", "postcode": "F92 PF63", "town_or_city": "Milford", "street_address1": "Drumbern", "street_address2": "anywhere", "county": "Co.Donegal", "date": "2022-07-22T18:14:49.289Z", "delivery_cost": "0.90", "order_total": "4.50", "grand_total": "5.40"}}, {"model": "checkout.order", "pk": 17, "fields": {"order_number": "811B9F6026464DBD9A5A226393F10ED7", "user_profile": 2, "full_name": "Megan Nyhan", "email": "nyhanmegan@gmail.com", "phone_number": "1234567890", "country": "Ireland", "postcode": "F92 PF63", "town_or_city": "Milford", "street_address1": "Drumbern", "street_address2": "anywhere", "county": "Co.Donegal", "date": "2022-08-03T17:09:41.646Z", "delivery_cost": "0.90", "order_total": "4.50", "grand_total": "5.40"}}, {"model": "checkout.orderlineitem", "pk": 8, "fields": {"order": 8, "product": 1, "product_size": null, "quantity": 5, "lineitem_total": "20.00"}}, {"model": "checkout.orderlineitem", "pk": 9, "fields": {"order": 9, "product": 1, "product_size": null, "quantity": 2, "lineitem_total": "8.00"}}, {"model": "checkout.orderlineitem", "pk": 10, "fields": {"order": 10, "product": 3, "product_size": null, "quantity": 1, "lineitem_total": "4.50"}}, {"model": "checkout.orderlineitem", "pk": 11, "fields": {"order": 11, "product": 3, "product_size": null, "quantity": 1, "lineitem_total": "4.50"}}, {"model": "checkout.orderlineitem", "pk": 12, "fields": {"order": 12, "product": 1, "product_size": null, "quantity": 2, "lineitem_total": "8.00"}}, {"model": "checkout.orderlineitem", "pk": 13, "fields": {"order": 13, "product": 1, "product_size": null, "quantity": 1, "lineitem_total": "4.00"}}, {"model": "checkout.orderlineitem", "pk": 14, "fields": {"order": 14, "product": 1, "product_size": null, "quantity": 1, "lineitem_total": "4.00"}}, {"model": "checkout.orderlineitem", "pk": 15, "fields": {"order": 15, "product": 1, "product_size": null, "quantity": 2, "lineitem_total": "8.00"}}, {"model": "checkout.orderlineitem", "pk": 16, "fields": {"order": 16, "product": 3, "product_size": null, "quantity": 1, "lineitem_total": "4.50"}}, {"model": "checkout.orderlineitem", "pk": 17, "fields": {"order": 17, "product": 3, "product_size": null, "quantity": 1, "lineitem_total": "4.50"}}, {"model": "gallery.description", "pk": 1, "fields": {"name": "Plain Sea Salt"}}, {"model": "gallery.description", "pk": 2, "fields": {"name": "Flavoured Sea Salt"}}, {"model": "gallery.description", "pk": 3, "fields": {"name": "Himalayan Sea Salt"}}, {"model": "gallery.photo", "pk": 1, "fields": {"image": "image/upload/v1659468187/irwybw6bjqtcl0tikbpk.jpg", "category": 1}}, {"model": "gallery.photo", "pk": 2, "fields": {"image": "image/upload/v1659477222/c59ewgmhaxkpdyyinrzr.jpg", "category": 1}}]